DATE,AWND,PRCP,SNOW,TMAX,TMIN,WDF2,WDF5,WSF2,WSF5,WT01,WT02,WT03,WT04,WT05,WT06,WT08,WT09
7/1/2017,11.18,0,0,92,75,230,200,17,23,,,,,,,,
7/2/2017,4.92,0.15,0,89,72,330,320,18.1,21.9,,,,,,,1,
7/3/2017,4.25,0,0,93,71,10,10,13,17,1,,,,,,1,
7/4/2017,3.58,0.01,0,91,71,120,130,19.9,25.1,,,,,,,,
7/5/2017,4.92,0.49,0,90,72,70,90,21.9,27.1,1,,1,,,,,
7/6/2017,7.16,0.03,0,89,73,210,220,15,18.1,1,,1,,,,,
7/7/2017,9.62,0,0,90,72,280,280,19.9,23.9,,,,,,,,
7/8/2017,9.84,0,0,92,71,250,260,21,28,,,,,,,,
7/9/2017,5.82,0,0,87,67,20,20,14.1,18.1,,,,,,,,
7/10/2017,7.38,0,0,92,67,190,170,17,21,1,,,,,,,
7/11/2017,8.5,0,0,96,71,280,240,18.1,23.9,1,,,,,,,
7/12/2017,8.5,0,0,98,76,240,170,15,21.9,,,,,,,,
7/13/2017,10.07,0,0,99,77,220,220,17,23,,,,,,,,
7/14/2017,9.62,0,0,98,74,260,210,23,31.1,,,1,,,,,
7/15/2017,6.49,0,0,94,73,330,330,15,18.1,,,,,,,,
7/16/2017,7.16,0,0,91,72,140,140,15,17,,,,,,,,
7/17/2017,6.04,0,0,90,69,150,190,14.1,19,1,,,,,,,
7/18/2017,5.37,0,0,91,72,140,130,16.1,21,,,,,,,,
7/19/2017,4.7,0,0,95,68,180,140,13,17,,,,,,,,
7/20/2017,6.71,0,0,98,73,220,190,15,19,,,,,,,,
7/21/2017,5.37,0,0,99,75,220,330,15,19,,,,,,,,
7/22/2017,7.83,0,0,101,74,250,260,18.1,25.9,,,,,,,,
7/23/2017,8.5,0.82,0,97,74,240,230,36.9,55.9,1,,1,,,,,
7/24/2017,7.83,0.01,0,94,72,250,240,15,19,,,,,,,,
7/25/2017,8.95,0,0,87,70,10,20,16.1,23.9,,,,,,,,
7/26/2017,5.14,0,0,89,68,100,130,13,17,,,,,,,,
7/27/2017,10.07,0,0,90,69,250,220,17,21,,,,,,,,
7/28/2017,6.49,0.22,0,88,73,180,180,23,28,1,,1,,,,1,
7/29/2017,12.3,0.52,0,73,66,10,10,25.1,32,1,,1,,,,,
7/30/2017,8.5,0,0,83,60,10,10,19.9,23.9,,,,,,,,
7/31/2017,3.58,0,0,87,59,40,30,13,17,,,,,,,,
8/1/2017,4.47,0,0,90,62,170,200,8.9,13,,,,,,,,
8/2/2017,5.82,0,0,90,69,180,170,13,17,,,,,,,,
8/3/2017,6.71,0,0,93,69,170,170,19.9,23.9,,,,,,,,
8/4/2017,7.61,0,0,91,68,180,180,17,21.9,,,,,,,,
8/5/2017,7.83,0,0,88,64,350,340,18.1,21.9,,,,,,,,
8/6/2017,5.14,0,0,89,59,140,140,15,19.9,,,,,,,,
8/7/2017,9.62,0.81,0,87,71,240,220,23,30,1,,,,,,,
8/8/2017,6.71,0.84,0,80,65,20,350,15,19,1,,,,,,,
8/9/2017,5.37,0,0,84,63,110,20,13,21,,,,,,,,
8/10/2017,4.7,0,0,85,62,150,150,14.1,21.9,,,,,,,,
8/11/2017,6.93,0.03,0,85,65,140,130,15,19,,,,,,,,
8/12/2017,5.82,0.3,0,87,73,220,210,14.1,19,1,,,,,,,
8/13/2017,5.14,0.19,0,82,70,10,10,17,19.9,1,,,,,,,
8/14/2017,4.25,0,0,84,67,140,100,8.9,13,,,,,,,,
8/15/2017,4.47,0.33,0,84,74,20,20,17,21,1,,,,,,1,
8/16/2017,4.25,0,0,91,73,320,340,8.9,13,1,,,,,,1,
8/17/2017,6.71,0,0,86,73,190,190,21.9,25.1,1,,,,,,,
8/18/2017,9.84,2.15,0,92,74,320,310,30,38.9,1,,1,,,,,
8/19/2017,4.03,0,0,89,74,10,20,14.1,18.1,,,1,,,,,
8/20/2017,5.37,0,0,89,71,30,30,13,15,,,,,,,,
8/21/2017,5.59,0,0,89,71,180,170,16.1,19.9,1,1,,,,,1,
8/22/2017,8.95,0,0,91,73,190,190,18.1,23,1,,,,,,,
8/23/2017,6.71,0.14,0,86,68,360,10,18.1,21.9,1,,1,,,,,
8/24/2017,5.82,0,0,83,67,30,40,14.1,19,,,,,,,,
8/25/2017,4.92,0,0,83,63,360,70,12.1,14.1,,,,,,,,
8/26/2017,6.71,0,0,83,63,40,40,16.1,21,,,,,,,,
8/27/2017,7.38,0,0,81,61,50,30,17,21.9,,,,,,,,
8/28/2017,10.96,0,0,81,60,100,100,21,23.9,,,,,,,,
8/29/2017,14.54,1.15,0,69,63,30,20,23.9,33.1,1,,,,,,,
8/30/2017,6.04,0,0,81,63,350,320,13,16.1,,,,,,,,
8/31/2017,3.58,0,0,87,65,240,260,15,19.9,,,,,,,,
9/1/2017,9.4,0.83,0,76,53,50,50,19.9,23.9,1,,,,,,,
9/2/2017,5.82,0.41,0,67,57,300,300,13,14.1,1,,,,,,,
9/3/2017,7.16,0.06,0,80,62,260,250,15,19.9,1,,,,,,,
9/4/2017,6.49,0,0,83,56,220,210,17,23,,,,,,,,
9/5/2017,8.72,0,0,86,64,230,210,21.9,27.1,,,,,,,,
9/6/2017,7.61,0.07,0,74,61,350,340,21.9,29.1,1,,,,,,,
9/7/2017,7.38,0,0,76,54,270,280,16.1,21,,,,,,,,
9/8/2017,2.91,0,0,78,51,340,300,12.1,16.1,,,,,,,,
9/9/2017,8.5,0,0,74,55,20,10,17,25.1,,,,,,,,
9/10/2017,8.5,0,0,71,51,60,10,17,23,,,,,,,,
9/11/2017,8.05,0.02,0,72,53,60,50,18.1,23,,,,,,,,
9/12/2017,8.28,0.03,0,79,60,120,120,17,21.9,1,,,,,,,
9/13/2017,6.49,0.06,0,84,65,240,240,16.1,21,1,,,,,,,
9/14/2017,6.71,0,0,83,65,250,230,15,19.9,,,,,,,,
9/15/2017,3.36,0,0,85,67,350,20,10.1,15,,,,,,,,
9/16/2017,2.91,0,0,86,65,50,60,8.9,14.1,,,,,,,,
9/17/2017,4.47,0,0,85,64,80,20,13,18.1,1,1,,,,,,
9/18/2017,9.4,0,0,81,66,10,10,18.1,21.9,1,,,,,,,
9/19/2017,11.41,0,0,84,67,330,20,18.1,25.9,,,,,,,,
9/20/2017,5.82,0,0,89,66,350,350,14.1,18.1,,,,,,,,
9/21/2017,4.92,0,0,90,65,50,350,15,19.9,,,,,,,,
9/22/2017,4.25,0,0,84,62,10,20,13,17,1,,,,,,,
9/23/2017,4.7,0,0,87,61,30,40,14.1,19.9,1,,,,,,,
9/24/2017,5.37,0,0,90,62,50,50,14.1,19,,,,,,,,
9/25/2017,8.05,0,0,88,64,60,40,17,23,,,,,,,,
9/26/2017,11.41,0,0,78,69,10,10,18.1,23,,,,,,,,
9/27/2017,12.97,0,0,90,72,360,360,21.9,29.1,,,,,,,,
9/28/2017,10.51,0,0,88,62,10,330,18.1,25.1,,,,,,,,
9/29/2017,5.82,0,0,78,55,300,280,13,17,,,,,,,,
9/30/2017,11.18,0,0,72,51,340,360,21.9,29.1,,,,,,,,
10/1/2017,6.49,0,0,72,48,20,50,13,17,,,,,,,,
10/2/2017,2.91,0,0,74,47,120,120,10.1,13,,,,,,,,
10/3/2017,3.58,0,0,77,49,110,110,13,17,1,,,,,,,
10/4/2017,2.91,0,0,78,49,200,140,10.1,13,,,,,,,,
10/5/2017,6.26,0,0,84,55,200,210,16.1,19,1,,,,,,,
10/6/2017,6.49,0,0,85,59,200,200,16.1,23,,,,,,,,
10/7/2017,7.61,0,0,83,60,180,180,15,21.9,1,,,,,,,
10/8/2017,10.51,0.01,0,85,73,170,170,19.9,23.9,1,,,,,,,
10/9/2017,12.08,0.05,0,84,73,200,210,21.9,28,1,,,,,,,
10/10/2017,3.8,0.32,0,86,72,170,190,10.1,12.1,1,,,,,,,
10/11/2017,3.8,1.91,0,81,72,310,310,13,15,1,1,,,,,,
10/12/2017,10.51,0.13,0,73,61,50,60,18.1,27.1,1,1,,,,,,
10/13/2017,9.62,0.01,0,69,61,40,20,14.1,19,1,,,,,,,
10/14/2017,6.26,0,0,67,63,350,340,12.1,15,1,,,,,,,
10/15/2017,9.84,0,0,82,63,210,220,19.9,27.1,1,,,,,,,
10/16/2017,9.62,0.21,0,72,47,10,20,25.9,36,1,,,,,,,
10/17/2017,6.71,0,0,64,42,20,20,18.1,21.9,,,,,,,,
10/18/2017,1.34,0,0,69,39,150,130,8.9,12.1,,,,,,,,
10/19/2017,3.36,0,0,75,43,210,230,12.1,18.1,1,,,,,,,
10/20/2017,3.13,0,0,80,44,350,10,13,21,,,,,,,,
10/21/2017,2.46,0,0,78,50,140,140,6.9,8.9,1,,,,,,,
10/22/2017,3.36,0,0,77,50,90,140,10.1,13,,,,,,,,
10/23/2017,10.07,0.11,0,78,55,130,130,32,38.9,1,1,,,,,,
10/24/2017,9.84,0.36,0,74,56,230,230,25.9,31.1,1,,,,,,,
10/25/2017,6.71,0,0,66,49,230,220,15,18.1,,,,,,,,
10/26/2017,7.61,0,0,62,39,320,340,18.1,25.9,1,,,,,,,
10/27/2017,6.71,0,0,70,37,190,200,16.1,19.9,,,,,,,,
10/28/2017,8.72,0,0,73,46,200,190,21.9,29.1,,,,,,,,
10/29/2017,9.4,1.84,0,66,45,320,310,30,40,1,,,,,,,
10/30/2017,11.18,0,0,59,43,280,280,23,31.1,,,,,,,,
10/31/2017,3.8,0,0,68,40,270,250,12.1,15,,,,,,,,
11/1/2017,4.92,0,0,71,45,180,190,13,16.1,,,,,,,,
11/2/2017,4.47,0,0,77,57,180,170,14.1,19,,,,,,,,
11/3/2017,5.59,0.23,0,82,54,350,360,19.9,25.1,1,,,,,,,
11/4/2017,8.28,0,0,64,52,20,30,17,23.9,,,,,,,,
11/5/2017,4.03,0.12,0,64,51,340,340,8.9,10.1,1,,,,,,1,
11/6/2017,8.5,0,0,76,56,10,10,19.9,23,1,,,,,,,
11/7/2017,10.74,0.17,0,61,42,10,360,17,21.9,1,,,,,,,
11/8/2017,10.96,0.07,0,46,41,10,360,17,21.9,1,,,,,,,
11/9/2017,6.71,0.11,0,55,45,10,30,12.1,14.1,1,,,,,,,
11/10/2017,12.53,0,0,52,30,350,340,25.1,30,1,,,,,,,
11/11/2017,4.47,0,0,42,26,30,30,12.1,16.1,,,,,,,,
11/12/2017,1.57,0.02,0,48,28,120,240,6,8.9,1,,,,,,,
11/13/2017,6.26,0.65,0,48,39,340,330,13,16.1,1,,,,,,,
11/14/2017,7.83,0,0,51,35,10,20,15,19.9,1,,,,,,,
11/15/2017,4.47,0,0,56,33,20,20,12.1,17,,,,,,,,
11/16/2017,9.4,0,0,65,41,300,290,19.9,25.9,,,,,,,,
11/17/2017,5.14,0,0,55,32,320,350,15,19.9,,,,,,,,
11/18/2017,12.97,0,0,62,32,190,200,25.9,33.1,,,,,,,,
11/19/2017,16.55,0.01,0,66,39,310,210,29.1,40,,,,,,,,
11/20/2017,5.59,0,0,54,33,270,260,13,17,,,,,,,,
11/21/2017,7.83,0.01,0,62,34,190,190,16.1,19.9,,,,,,,,
11/22/2017,10.07,0.04,0,63,36,330,340,21.9,28,1,,,,,,,
11/23/2017,3.36,0,0,45,28,30,360,16.1,21,,,,,,,,
11/24/2017,1.57,0,0,56,26,180,280,8.1,10.1,,,,,,,,
11/25/2017,6.93,0,0,69,29,220,220,19.9,23,1,,,,,,,
11/26/2017,4.25,0,0,59,34,350,340,15,19,1,,,,,,1,
11/27/2017,2.68,0,0,62,29,230,230,12.1,13,,,,,,,,
11/28/2017,3.58,0,0,63,32,170,170,15,21,,,,,,,,
11/29/2017,4.7,0,0,71,35,30,270,10.1,17,1,,,,,,,
11/30/2017,4.92,0,0,65,39,190,130,14.1,17,,,,,,,,
12/1/2017,6.26,0,0,60,36,20,20,18.1,25.1,,,,,,,,
12/2/2017,1.12,0,0,53,30,190,200,6.9,8.1,1,,,,,,,
12/3/2017,2.01,0,0,60,37,20,40,8.9,12.1,1,,,,,,,
12/4/2017,3.36,0,0,58,32,140,130,13,15,1,,,,,,1,
12/5/2017,6.04,0.07,0,65,39,200,,10.1,,1,,,,,,,
12/6/2017,7.16,0.02,0,61,42,320,320,19.9,23,1,,,,,,,
12/7/2017,6.04,0,0,50,37,300,320,13,16.1,,,,,,,,
12/8/2017,4.47,0.65,2.4,43,32,10,10,12.1,15,1,1,,1,,1,,
12/9/2017,7.16,0.27,0.7,33,32,360,360,15,19,1,,,,,1,,
12/10/2017,8.5,0,0,40,29,250,250,15,18.1,1,,,,,,,
12/11/2017,6.93,0,0,50,33,290,290,14.1,17,,,,,,,,
12/12/2017,12.75,0.01,0,52,28,320,320,30,38.9,1,,,,,,,
12/13/2017,10.96,0,0,37,20,190,180,21.9,32,,,,,,,,
12/14/2017,9.4,0,0,50,29,340,190,19.9,28,,,,,,,,
12/15/2017,5.82,0,0,35,23,330,10,13,15,,,,,,,,
12/16/2017,6.93,0,0,49,22,230,240,17,21.9,,,,,,,,
12/17/2017,2.46,0.01,0,50,25,180,180,8.9,12.1,,,,,,,1,
12/18/2017,5.37,0,0,64,35,250,250,15,19,1,,,,,,,
12/19/2017,6.26,0,0,65,34,230,260,17,19.9,1,,,,,,,
12/20/2017,6.26,0,0,57,36,250,250,14.1,17,,,,,,,,
12/21/2017,4.03,0,0,50,31,40,30,8.9,12.1,,,,,,,,
12/22/2017,5.14,0,0,61,32,190,220,16.1,19.9,,,,,,,,
12/23/2017,14.76,0.02,0,71,51,220,240,29.1,35.1,1,,,,,,,
12/24/2017,8.05,0,0,51,41,350,350,21.9,27.1,,,,,,,,
12/25/2017,12.75,0,0,44,33,300,270,25.9,33.1,,,,,,,,
12/26/2017,4.25,0,0,40,27,280,150,13,19.9,,,,,,,,
12/27/2017,8.05,0,0,40,21,30,10,21,28,,,,,,,,
12/28/2017,8.72,0,0,27,14,360,340,18.1,25.9,,,,,,,,
12/29/2017,4.92,0,0,39,17,260,240,14.1,16.1,,,,,,,,
12/30/2017,7.38,0,0,39,23,20,20,17,21.9,,,,,,,,
12/31/2017,13.65,0,0,27,16,330,350,21,28,,,,,,,,
1/1/2018,7.83,0,0,27,11,330,10,21,25.9,,,,,,,,
1/2/2018,6.04,0,0,29,10,350,350,16.1,19,,,,,,,,
1/3/2018,4.25,0.04,0.6,34,8,30,40,18.1,23,1,,,,,,,
1/4/2018,18.57,0.16,2.4,30,18,320,320,30,38.9,1,,,,,,,1
1/5/2018,12.97,0,0,25,12,280,280,25.1,32,,,,,,,,
1/6/2018,9.4,0,0,23,2,320,330,21.9,28,,,,,,,,
1/7/2018,3.36,0,0,23,-3,140,130,10.1,13,,,,,,,1,
1/8/2018,9.84,0.09,0,46,15,220,210,21,25.9,,,,,,,,
1/9/2018,4.25,0,0,56,27,210,220,15,19,1,,,,,,,
1/10/2018,2.91,0,0,45,26,360,80,8.1,10.1,1,,,,,,,
1/11/2018,6.26,0.04,0,69,36,140,150,15,21,1,,,,,,,
1/12/2018,12.97,1,0,70,59,220,200,33.1,46.1,1,,,,,,,
1/13/2018,15.88,0.01,0,58,23,350,360,25.1,32,1,,,,,,,
1/14/2018,10.96,0,0,30,17,10,350,21.9,29.1,,,,,,,,
1/15/2018,7.16,0,0,37,18,350,320,13,19.9,1,,,,,,,
1/16/2018,2.24,0,0,44,26,150,150,8.9,12.1,1,1,,,,,1,
1/17/2018,11.63,0.1,2,35,22,350,360,21,27.1,1,,,,,,,
1/18/2018,8.72,0,0,43,13,340,340,21.9,30,,,,,,,,
1/19/2018,5.37,0,0,56,22,240,230,14.1,17,,,,,,,,
1/20/2018,8.05,0,0,61,27,240,240,16.1,19,,,,,,,,
1/21/2018,5.59,0,0,67,28,170,160,15,19,,,,,,,,
1/22/2018,8.28,0,0,66,46,180,200,16.1,21,,,,,,,,
1/23/2018,15.43,0.48,0,73,47,230,170,30,42.9,1,,,,,,,
1/24/2018,8.95,0,0,55,38,10,280,16.1,21.9,,,,,,,,
1/25/2018,3.8,0,0,47,26,320,320,16.1,23.9,,,,,,,,
1/26/2018,5.82,0,0,55,24,170,150,13,18.1,,,,,,,,
1/27/2018,10.96,0,0,66,30,200,210,21.9,29.1,,,,,,,,
1/28/2018,7.61,0.81,0,58,50,20,230,13,17,1,,,,,,,
1/29/2018,10.74,0.6,0,50,37,40,40,21,28,,,,,,,,
1/30/2018,12.75,0.08,0.3,39,23,310,330,28,35.1,,,,,,,,
1/31/2018,7.16,0,0,40,20,190,200,18.1,23.9,,,,,,,,
2/1/2018,11.18,0,0,60,30,200,210,21,28,,,,,,,,
2/2/2018,13.2,0.11,0,55,19,320,320,30,38,1,,,,,,,
2/3/2018,5.82,0,0,37,14,180,170,15,21,,,,,,,,
2/4/2018,5.82,0.52,0,43,30,310,340,29.1,38,1,,,,,,,
2/5/2018,8.05,0,0,44,27,350,360,23.9,30,1,,,,,,,
2/6/2018,6.49,0,0,55,26,40,40,15,19,,,,,,,,
2/7/2018,6.26,0.1,0,57,34,310,230,18.1,23,1,,,,,,,
2/8/2018,8.5,0,0,42,28,360,360,21,29.1,,,,,,,,
2/9/2018,6.26,0,0,52,26,220,220,16.1,19,,,,,,,,
2/10/2018,1.79,0.31,0,54,35,300,300,10.1,11,1,1,,,,,,
2/11/2018,13.42,0.15,0,73,52,190,200,25.1,33.1,1,1,,,,,,
2/12/2018,10.51,0.26,0,67,36,10,30,23.9,32,1,,,,,,,
2/13/2018,6.26,0,0,40,34,10,10,14.1,18.1,,,,,,,,
2/14/2018,8.72,0,0,58,37,190,200,16.1,19.9,,,,,,,,
2/15/2018,13.2,0.02,0,74,53,220,220,21,27.1,,,,,,,,
2/16/2018,10.74,0.07,0,67,43,360,360,23,28,1,,,,,,,
2/17/2018,6.93,0.27,0,44,34,20,20,18.1,23,1,,,,,,,
2/18/2018,5.37,0,0,56,33,130,50,13,18.1,1,1,,,,,,
2/19/2018,4.03,0.2,0,51,36,180,180,10.1,13,1,,,,,,,
2/20/2018,9.62,0,0,76,51,190,210,21.9,27.1,1,,,,,,,
2/21/2018,11.86,0,0,80,61,210,230,23,28,,,,,,,,
2/22/2018,8.72,0,0,75,46,30,20,21,27.1,1,,,,,,,
2/23/2018,5.37,0,0,51,42,40,40,13,16.1,1,,,,,,,
2/24/2018,8.72,0,0,76,46,240,240,19.9,28,,1,,,,,,
2/25/2018,6.04,0,0,71,53,320,320,25.9,33.1,,1,,,,,,
2/26/2018,5.37,0.03,0,58,37,30,30,17,21,,,,,,,,
2/27/2018,5.59,0,0,60,34,150,150,13,15,,,,,,,,
2/28/2018,10.74,0,0,64,41,230,230,23,28,,,,,,,,
3/1/2018,5.37,0.18,0,55,49,250,260,17,21.9,1,,,,,,,
3/2/2018,28.86,0,0,56,42,310,310,44.1,57.9,,,,,,,,
3/3/2018,20.8,0,0,55,37,340,330,30,40,,,,,,,,
3/4/2018,14.99,0,0,55,35,360,360,25.1,32,,,,,,,,
3/5/2018,10.74,0,0,50,29,340,350,21.9,25.9,,,,,,,,
3/6/2018,4.92,0.51,0,47,27,140,140,14.1,16.1,1,,,,,,,
3/7/2018,12.08,0.03,0,54,38,310,300,23,28,1,,,,,,,
3/8/2018,8.5,0,0,47,25,280,280,23,29.1,,,,,,,,
3/9/2018,10.29,0,0,48,29,260,260,21,28,,,,,,,,
3/10/2018,2.68,0,0,49,27,180,180,13,16.1,,,,,,,,
3/11/2018,6.04,0,0,47,37,40,30,15,18.1,,,,,,,,
3/12/2018,12.75,0.49,2,40,33,350,350,21.9,28,1,1,,,,,,
3/13/2018,12.97,0,0,49,30,270,320,25.1,33.1,,,,,,,,
3/14/2018,13.2,0,0,45,29,280,280,25.9,36,,,,,,,,
3/15/2018,11.41,0,0,60,28,230,230,29.1,38.9,,,,,,,,
3/16/2018,7.61,0,0,54,29,340,320,23,30,,,,,,,,
3/17/2018,3.58,0.01,0,53,24,150,130,12.1,14.1,,,,,,,,
3/18/2018,5.82,0,0,60,39,10,20,18.1,21.9,,,,,,,,
3/19/2018,5.82,0,0,64,36,90,100,15,19,,,,,,,,
3/20/2018,13.87,0.7,0,46,34,30,40,21,25.9,1,,,,,,,
3/21/2018,10.96,0.39,2,35,32,10,70,17,23.9,1,,,1,1,,,
3/22/2018,12.53,0,0,52,34,320,340,25.9,33.1,,,,,,,,
3/23/2018,10.51,0,0,54,31,320,320,21.9,28,,,,,,,,
3/24/2018,8.05,0,0,52,32,250,320,16.1,21,,,,,,,,
3/25/2018,10.51,0,0,52,32,70,90,25.1,31.1,,,,,,,,
3/26/2018,9.4,0,0,51,29,40,60,18.1,23,,,,,,,,
3/27/2018,4.03,0.02,0,46,30,190,100,8.9,10.1,1,,,,,,,
3/28/2018,5.82,0,0,74,38,70,30,12.1,17,,,,,,,,
3/29/2018,11.18,0,0,83,53,220,220,25.1,33.1,,,,,,,,
3/30/2018,15.88,0,0,76,47,10,220,23.9,30,,,,,,,,
3/31/2018,7.83,0,0,62,34,180,130,17,25.9,,,,,,,,
4/1/2018,7.38,0,0,71,44,260,250,16.1,19,,,,,,,,
4/2/2018,10.74,0,0,60,45,30,350,17,21.9,,,,,,,,
4/3/2018,7.16,0,0,64,42,100,170,17,21,1,,,,,,,
4/4/2018,19.46,0,0,79,44,280,220,30,40,,,,,,,,
4/5/2018,6.04,0,0,58,33,280,230,16.1,23,,,,,,,,
4/6/2018,16.55,0.01,0,73,38,220,220,31.1,38.9,,,,,,,,
4/7/2018,11.41,0.3,0,59,33,20,20,23,30,1,,,,,,,
4/8/2018,9.62,0,0,53,33,360,340,21,29.1,,,,,,,,
4/9/2018,7.61,0.1,0,52,38,110,100,15,18.1,1,,,,,,,
4/10/2018,7.38,0,0,59,39,340,340,17,23,1,,,,,,,
4/11/2018,5.14,0,0,61,36,280,290,17,21,1,,,,,,,
4/12/2018,15.88,0,0,77,41,200,220,31.1,38.9,,,,,,,1,
4/13/2018,15.88,0,0,84,55,190,190,25.1,33.1,,,,,,,,
4/14/2018,14.76,0,0,83,61,230,210,28,33.1,,,,,,,,
4/15/2018,12.53,0.02,0,79,64,140,150,25.9,36.9,1,,1,,,,,
4/16/2018,15.66,1.53,0,72,36,210,200,40.9,51,1,,1,,,,1,
4/17/2018,11.63,0,0,55,38,280,280,23,30,,,,,,,,
4/18/2018,6.71,0,0,74,38,200,160,16.1,28,,,,,,,,
4/19/2018,12.53,0.02,0,70,42,310,300,35.1,40.9,,,,,,,,
4/20/2018,9.84,0,0,64,35,340,340,23.9,33.1,,,,,,,,
4/21/2018,4.25,0,0,65,38,80,80,13,15,,,,,,,,
4/22/2018,7.61,0,0,69,42,130,130,16.1,19.9,,,,,,,,
4/23/2018,10.51,0,0,70,44,120,140,23,30,,,,,,,,
4/24/2018,10.96,1.02,0,59,53,110,100,21,29.1,1,,,,,,,
4/25/2018,5.14,0.07,0,67,56,310,310,15,18.1,1,,,,,,,
4/26/2018,5.82,0,0,74,53,200,190,15,19.9,1,,,,,,1,
4/27/2018,5.59,0.5,0,72,54,330,320,15,17,1,,1,,,,,
4/28/2018,9.4,0.01,0,79,51,350,350,28,33.1,1,,,,,,1,
4/29/2018,12.75,0,0,65,40,320,300,23,33.1,,,,,,,,
4/30/2018,7.16,0,0,73,36,270,270,21.9,27.1,,,,,,,,
5/1/2018,2.91,0,0,84,42,300,300,13,18.1,,,,,,,,
5/2/2018,8.95,0,0,91,52,220,230,21,28,,,,,,,,
5/3/2018,11.41,0,0,90,60,220,220,21.9,27.1,,,,,,,,
5/4/2018,11.86,0,0,89,62,220,220,23.9,27.1,,,,,,,,
5/5/2018,6.71,0,0,76,60,40,50,14.1,17,,,,,,,,
5/6/2018,6.04,0,0,79,56,340,350,16.1,19,,,,,,,,
5/7/2018,7.61,0,0,73,54,70,60,15,21,1,,,,,,,
5/8/2018,8.28,0,0,77,51,40,40,17,23,1,,,,,,,
5/9/2018,6.71,0,0,80,51,20,360,12.1,18.1,1,1,,,,,,
5/10/2018,9.62,0.36,0,87,56,290,290,38,51,1,,1,,,,,
5/11/2018,5.14,0,0,88,57,270,280,15,18.1,1,,,,,,1,
5/12/2018,8.5,0,0,93,66,190,200,18.1,23.9,,,,,,,,
5/13/2018,7.61,0,0,87,64,360,360,17,23,,,,,,,,
5/14/2018,5.59,0.23,0,91,63,340,340,40,49,1,,1,,,,1,
5/15/2018,11.86,0,0,90,64,200,200,21.9,30,,,,,,,,
5/16/2018,5.82,1.04,0,81,69,280,270,21.9,28,1,,1,,,,,
5/17/2018,6.49,2.67,0,78,68,130,140,14.1,17,1,,,,,,,
5/18/2018,9.17,3.86,0,81,64,70,70,18.1,23.9,1,,1,,,,,
5/19/2018,10.07,0.68,0,77,65,200,190,19.9,23.9,1,,,,,,,
5/20/2018,10.29,0,0,88,71,190,200,19.9,25.9,,,,,,,,
5/21/2018,6.71,0,0,81,66,140,110,15,23,,,,,,,,
5/22/2018,6.71,1.38,0,85,65,320,300,23,36.9,1,,1,,,,,
5/23/2018,7.61,0.03,0,86,68,10,10,14.1,18.1,1,,,,,,,
5/24/2018,5.59,0,0,85,62,20,30,14.1,17,,,,,,,,
5/25/2018,6.93,0,0,85,63,200,220,17,21.9,,,,,,,,
5/26/2018,11.41,0.02,0,88,68,210,220,21,28,,,,,,,,
5/27/2018,9.84,0,0,87,71,210,210,19.9,28,,,1,,,,,
5/28/2018,5.14,0.01,0,84,69,170,170,16.1,19,,,,,,,,
5/29/2018,3.8,0,0,82,68,120,130,10.1,13,1,,,,,,,
5/30/2018,6.93,0.07,0,83,72,100,90,16.1,19,1,,1,,,,,
5/31/2018,7.61,0,0,87,72,240,250,21,27.1,1,,,,,,,
6/1/2018,6.04,0,0,93,71,260,260,21,27.1,,,,,,,,
6/2/2018,5.82,1.49,0,87,70,20,30,17,21,1,,1,,,,,
6/3/2018,12.08,1.25,0,79,59,360,360,23,28,1,,,,,,,
6/4/2018,7.38,0,0,83,58,260,290,15,19,,,,,,,,
6/5/2018,5.82,0,0,83,60,220,220,18.1,23.9,,,,,,,,
6/6/2018,6.49,0.05,0,80,62,10,360,13,19,1,,,,,,,
6/7/2018,4.92,0,0,82,61,140,150,14.1,17,,,,,,,,
6/8/2018,4.47,0,0,87,60,190,180,12.1,19.9,,,,,,,,
6/9/2018,7.61,0.11,0,89,69,340,30,21,25.9,1,,1,,,,,
6/10/2018,5.59,0.44,0,87,66,300,300,33.1,42.9,1,,1,,,,,
6/11/2018,7.61,0.22,0,70,63,20,10,19.9,25.1,1,1,,,,,,
6/12/2018,5.14,0,0,74,60,120,110,14.1,16.1,1,,,,,,,
6/13/2018,9.4,0,0,86,66,210,210,18.1,21.9,1,,,,,,,
6/14/2018,6.49,0,0,86,68,360,10,18.1,21,,,,,,,,
6/15/2018,4.92,0,0,86,63,360,20,16.1,21.9,,,,,,,,
6/16/2018,2.68,0,0,89,62,220,210,10.1,13,,,,,,,,
6/17/2018,3.8,0,0,91,70,260,300,14.1,17,,,,,,,,
6/18/2018,4.25,0,0,94,72,160,360,8.9,14.1,1,,,,,,1,
6/19/2018,7.38,1.25,0,98,74,20,20,32,42.9,1,,1,,,,,
6/20/2018,5.14,0.45,0,89,71,320,330,19.9,25.9,1,,1,,,,,
6/21/2018,5.82,0.21,0,89,70,10,60,13,16.1,1,,,,,,,
6/22/2018,9.4,7.61,0,86,72,350,350,30,35.1,1,1,1,,,,,
6/23/2018,5.82,0,0,88,70,250,240,16.1,23.9,1,,,,,,,
6/24/2018,6.04,0.24,0,91,72,260,250,25.9,33.1,1,,1,,,,,
6/25/2018,5.82,0,0,86,70,10,360,16.1,19.9,1,,,,,,,
6/26/2018,6.71,0,0,79,67,140,140,16.1,19.9,,,,,,,,
6/27/2018,6.93,0,0,86,66,180,210,15,23.9,,,,,,,,
6/28/2018,5.82,0,0,91,73,280,260,13,17,,,,,,,,
6/29/2018,4.7,0,0,91,72,10,360,14.1,17,,,,,,,,
6/30/2018,4.03,0,0,93,69,200,180,10.1,14.1,,,,,,,,
7/1/2018,3.13,0,0,95,71,170,200,10.1,12.1,,,,,,,,
7/2/2018,4.47,0,0,96,74,170,140,12.1,14.1,,,,,,,,
7/3/2018,4.47,0,0,95,75,110,110,13,15,1,,,,,,,
7/4/2018,5.37,0,0,93,72,90,80,13,16.1,1,,,,,,,
7/5/2018,4.47,0,0,93,73,140,150,14.1,17,,,,,,,,
7/6/2018,8.5,0.91,0,93,73,120,120,23.9,29.1,1,,1,,,,,
7/7/2018,10.51,0,0,80,62,20,20,19.9,25.9,,,,,,,,
7/8/2018,8.5,0,0,82,57,40,50,18.1,23,,,,,,,,
7/9/2018,4.92,0,0,85,58,20,20,13,16.1,,,,,,,,
7/10/2018,4.7,0,0,92,63,10,360,14.1,18.1,,,,,,,,
7/11/2018,5.59,0.72,0,92,72,200,200,21,25.1,1,,1,,,,,
7/12/2018,6.26,0,0,89,70,130,120,17,21.9,1,,,,,,,
7/13/2018,6.71,0,0,85,65,100,60,14.1,18.1,1,,,,,,,
7/14/2018,2.68,0,0,86,61,150,170,10.1,13,,,,,,,,
7/15/2018,6.26,0,0,91,67,190,200,14.1,19.9,,,,,,,,
7/16/2018,7.61,0,0,93,74,200,210,17,19.9,,,,,,,,
7/17/2018,8.72,0.19,0,92,73,340,340,23,29.1,1,,1,,,,,
7/18/2018,7.38,0,0,86,68,10,20,16.1,21,,,,,,,,
7/19/2018,6.71,0,0,89,66,100,40,13,15,,,,,,,,
7/20/2018,6.71,0,0,86,67,120,120,15,18.1,,,,,,,,
7/21/2018,11.18,1.28,0,73,67,340,340,23,28,1,,,,,,,
7/22/2018,6.04,0.45,0,84,65,180,180,29.1,36.9,1,,1,,,,,
7/23/2018,8.72,0.2,0,82,71,130,140,16.1,21.9,1,,1,,,,,
7/24/2018,9.62,0.34,0,80,73,140,140,17,21,1,,,,,,,
7/25/2018,7.61,0.18,0,83,71,180,150,14.1,17,1,,,,,,,
7/26/2018,4.7,0,0,88,68,220,230,12.1,14.1,1,,,,,,,
7/27/2018,5.14,0.2,0,90,72,200,220,25.9,32,,,1,,,,,
7/28/2018,5.37,0.15,0,87,71,40,40,13,14.1,1,,1,,,,,
7/29/2018,6.49,0,0,86,69,30,40,13,16.1,,,,,,,,
7/30/2018,5.37,0.62,0,76,72,110,60,16.1,25.9,1,,1,,,,,
7/31/2018,5.37,0.44,0,86,72,190,190,17,21.9,1,,,,,,,
8/1/2018,11.41,0,0,89,75,210,110,21,25.1,1,,,,,,,
8/2/2018,9.4,0.09,0,89,72,150,210,18.1,23,1,,1,,,,,
8/3/2018,9.4,0.02,0,83,72,180,170,18.1,23,1,,,,,,,
8/4/2018,5.59,0,0,89,73,210,210,16.1,19,,,,,,,,
8/5/2018,3.8,0.01,0,91,71,10,10,15,17,1,,,,,,,
8/6/2018,3.13,0.37,0,89,70,200,70,21,33.1,1,,1,,,,,
8/7/2018,5.82,0,0,92,72,200,220,14.1,17,1,,,,,,,
8/8/2018,6.93,0,0,95,72,320,280,15,19,,,,,,,,
8/9/2018,4.7,0.09,0,91,73,10,360,25.9,35.1,1,,,,,,1,
8/10/2018,3.13,0,0,91,73,360,10,12.1,15,,,,,,,,
8/11/2018,4.47,0,0,91,72,100,90,18.1,23.9,1,,,,,,,
8/12/2018,4.92,0.47,0,89,69,330,330,31.1,36.9,1,,1,,,,,
8/13/2018,5.82,0.34,0,85,66,250,250,23,32,1,,1,,,,,
8/14/2018,4.92,0.04,0,87,63,320,310,21,23.9,1,,,,,,,
8/15/2018,2.91,0,0,89,68,240,250,14.1,17,1,,,,,,,
8/16/2018,4.03,0,0,92,69,250,200,12.1,16.1,,,,,,,,
8/17/2018,7.38,0,0,93,74,200,240,18.1,25.1,1,,,,,,,
8/18/2018,8.5,0.04,0,90,72,180,180,17,19.9,1,,1,,,,,
8/19/2018,5.14,0.08,0,87,73,320,330,10.1,13,1,,,,,,,
8/20/2018,7.61,0.13,0,86,73,70,70,14.1,18.1,1,,,,,,,
8/21/2018,7.83,0.48,0,88,74,220,210,23.9,29.1,1,,1,,,,,
8/22/2018,7.61,0.8,0,88,69,350,340,28,33.1,1,,,,,,,
8/23/2018,7.83,0,0,80,61,330,10,17,21.9,,,,,,,,
8/24/2018,3.58,0,0,83,58,110,120,10.1,13,,,,,,,,
8/25/2018,2.91,0,0,82,60,90,120,8.1,11,,,,,,,,
8/26/2018,5.59,0,0,88,61,210,240,14.1,18.1,,,,,,,,
8/27/2018,3.13,0,0,92,70,120,180,10.1,14.1,,,,,,,,
8/28/2018,6.71,0.01,0,94,73,350,350,16.1,21,1,,1,,,,,
8/29/2018,7.83,0,0,96,74,200,230,16.1,21,,,,,,,,
8/30/2018,6.26,0.35,0,94,72,270,240,18.1,27.1,1,,1,,,,,
8/31/2018,4.47,0.03,0,89,71,120,60,12.1,14.1,,,,,,,,
9/1/2018,4.47,1.02,0,88,70,250,250,28,36,1,,1,,,,,
9/2/2018,2.68,0,0,91,70,150,100,8.1,10.1,,,,,,,,
9/3/2018,2.68,0,0,94,73,140,180,8.1,10.1,,,,,,,,
9/4/2018,3.13,0,0,92,75,40,40,15,19,,,1,,,,,
9/5/2018,2.91,0,0,92,73,170,160,10.1,14.1,,,,,,,,
9/6/2018,2.91,0,0,93,72,240,210,12.1,14.1,,,,,,,,
9/7/2018,2.68,0.11,0,92,73,300,290,17,19.9,1,,1,,,,,
9/8/2018,8.05,0,0,84,69,20,20,19.9,23,1,1,,,,,,
9/9/2018,8.72,0.19,0,73,67,40,50,16.1,25.1,1,,,,,,,
9/10/2018,6.71,0,0,86,68,110,120,14.1,17,1,,,,,,,
9/11/2018,4.7,0.06,0,89,72,10,160,13,16.1,1,1,1,,,,,
9/12/2018,6.04,0.26,0,88,72,50,40,13,14.1,1,,,,,,,
9/13/2018,12.3,0.28,0,83,73,30,40,21,30,1,,,,,,,
9/14/2018,12.75,0.09,0,80,74,70,70,19.9,25.9,1,,,,,,,
9/15/2018,12.3,0.16,0,82,72,70,90,19.9,25.9,1,,,,,,,
9/16/2018,10.51,0.24,0,83,72,110,120,18.1,23.9,1,,,,,,,
9/17/2018,10.96,0.38,0,83,74,140,130,21,25.1,1,,1,,,,,
9/18/2018,9.4,0.16,0,83,71,230,230,21,23.9,1,,1,,,,,
9/19/2018,6.93,0,0,88,68,360,10,18.1,27.1,,,,,,,,
9/20/2018,5.59,0,0,84,66,120,120,15,19.9,1,,,,,,1,
9/21/2018,6.71,0.01,0,82,66,190,190,14.1,18.1,,,,,,,,
9/22/2018,8.72,0,0,85,67,40,40,16.1,21.9,,,,,,,,
9/23/2018,7.83,0.91,0,67,62,20,30,13,17,1,,,,,,,
9/24/2018,8.5,0.04,0,71,64,70,70,14.1,17,1,,,,,,,
9/25/2018,5.14,0,0,86,71,130,160,12.1,15,1,,,,,,,
9/26/2018,6.71,0.24,0,89,73,270,280,23,31.1,1,,1,,,,1,
9/27/2018,7.16,0.22,0,73,63,10,350,12.1,14.1,1,,,,,,,
9/28/2018,4.47,0.16,0,79,60,300,300,18.1,23.9,1,,,,,,,
9/29/2018,2.24,0,0,80,57,30,30,12.1,14.1,,,,,,,,
9/30/2018,4.25,0,0,79,59,110,150,8.9,13,1,,,,,,,
10/1/2018,4.7,0,0,84,60,210,190,12.1,15,1,,,,,,,
10/2/2018,8.28,0,0,84,64,190,220,17,21,1,,,,,,,
10/3/2018,4.03,0,0,90,65,220,220,12.1,14.1,,,,,,,,
10/4/2018,4.7,0,0,92,66,280,270,12.1,17,1,,,,,,1,
10/5/2018,6.93,0,0,78,66,10,20,16.1,19,1,,,,,,,
10/6/2018,3.58,0,0,83,65,360,110,10.1,13,1,,,,,,,
10/7/2018,3.36,0,0,87,68,130,140,8.1,11,1,,,,,,,
10/8/2018,5.14,0,0,85,69,120,120,16.1,19,1,1,,,,,,
10/9/2018,5.82,0,0,85,70,130,130,15,18.1,1,1,,,,,,
10/10/2018,4.92,0,0,84,68,170,140,12.1,14.1,1,1,,,,,,
10/11/2018,13.65,3.69,0,83,68,350,350,45,57,1,,1,,,,,
10/12/2018,8.5,0,0,70,52,360,350,18.1,29.1,,,,,,,,
10/13/2018,6.49,0,0,67,47,30,310,17,27.1,,,,,,,,
10/14/2018,3.58,0,0,64,47,20,170,8.9,11,,,,,,,,
10/15/2018,10.74,0,0,82,60,210,210,23.9,31.1,,,,,,,,
10/16/2018,6.71,0.04,0,73,57,30,20,21,25.9,,,,,,,,
10/17/2018,6.71,0.1,0,72,50,270,270,21.9,27.1,1,,,,,,,
10/18/2018,7.16,0,0,62,42,320,10,16.1,21.9,,,,,,,,
10/19/2018,6.71,0,0,66,38,180,170,16.1,21,,,,,,,,
10/20/2018,9.84,0.08,0,67,55,320,340,31.1,38.9,1,,,,,,,
10/21/2018,13.87,0,0,58,38,330,320,29.1,36.9,,,,,,,,
10/22/2018,5.14,0,0,59,33,180,210,15,19.9,,,,,,,,
10/23/2018,8.5,0,0,72,40,230,240,16.1,21,,,,,,,,
10/24/2018,10.07,0,0,61,41,350,330,23.9,29.1,,,,,,,,
10/25/2018,4.25,0,0,55,36,20,20,16.1,19.9,,,,,,,,
10/26/2018,7.61,1.88,0,54,42,70,70,18.1,25.9,1,,,,,,,
10/27/2018,9.62,0.24,0,62,50,300,280,17,21.9,1,,,,,,,
10/28/2018,11.41,0.01,0,64,47,240,250,19.9,25.1,,,,,,,,
10/29/2018,8.72,0,0,66,43,280,270,21,25.9,,,,,,,,
10/30/2018,4.92,0,0,65,39,310,260,13,16.1,,,,,,,,
10/31/2018,9.4,0,0,72,44,230,220,23,29.1,,,,,,,,
11/1/2018,12.75,0,0,74,55,180,180,25.9,36,,,,,,,,
11/2/2018,12.97,0.05,0,72,64,220,210,31.1,40,1,,,,,,,
11/3/2018,8.5,0.09,0,64,42,280,290,23,29.1,1,,,,,,,
11/4/2018,6.26,0,0,63,37,90,100,14.1,17,,,,,,,,
11/5/2018,6.71,1.22,0,62,53,80,70,15,21,1,,,,,,,
11/6/2018,8.72,0.21,0,72,54,290,300,25.1,32,1,,,,,,,
11/7/2018,2.24,0,0,71,47,360,270,8.9,13,,,,,,,,
11/8/2018,8.28,0,0,63,51,20,30,18.1,23,,,,,,,,
11/9/2018,6.93,0.44,0,53,48,270,270,12.1,15,1,,,,,,,
11/10/2018,10.29,0,0,52,32,330,330,21.9,27.1,,,,,,,,
11/11/2018,3.58,0,0,50,29,10,10,13,18.1,,,,,,,,
11/12/2018,3.36,0.76,0,51,32,20,20,10.1,12.1,1,,,,,,,
11/13/2018,6.93,0.39,0,57,44,310,310,15,19,1,,,,,,,
11/14/2018,8.05,0,0,46,39,350,360,16.1,19,,,,,,,,
11/15/2018,13.87,1.02,0,46,36,30,30,23,31.1,1,,,,,,,
11/16/2018,9.84,0,0,53,35,260,250,19.9,25.9,1,,,,,,,
11/17/2018,1.12,0,0,54,31,40,20,12.1,14.1,1,,,,,,,
11/18/2018,2.24,0,0,55,32,200,190,8.9,13,,,,,,,,
11/19/2018,4.92,0,0,60,35,170,240,8.9,13,1,,,,,,,
11/20/2018,8.05,0,0,65,37,330,290,21,25.9,1,,,,,,,
11/21/2018,5.82,0,0,55,29,20,330,16.1,19.9,,,,,,,,
11/22/2018,8.05,0,0,43,32,50,50,17,21.9,,,,,,,,
11/23/2018,4.92,0,0,37,27,40,40,14.1,18.1,,,,,,,,
11/24/2018,6.71,1.37,0,52,33,290,300,25.9,35.1,1,,,,,,,
11/25/2018,5.82,0,0,62,34,200,190,10.1,13,,,,,,,,
11/26/2018,10.07,0.1,0,57,41,280,270,23,29.1,1,,,,,,,
11/27/2018,9.84,0,0,49,33,300,330,19.9,23,,,,,,,,
11/28/2018,10.96,0,0,44,30,310,270,19.9,25.9,,,,,,,,
11/29/2018,4.92,0,0,46,26,300,310,13,17,,,,,,,,
11/30/2018,4.92,0,0,52,36,200,200,10.1,13,,,,,,,,
12/1/2018,5.37,0.09,0,50,41,80,60,8.9,13,1,,,,,,1,
12/2/2018,5.59,0.07,0,65,46,310,220,18.1,23.9,1,,,,,,,
12/3/2018,8.28,0,0,64,38,230,,14.1,,,,,,,,,
12/4/2018,7.38,0,0,48,36,360,10,21,28,,,,,,,,
12/5/2018,3.36,0.03,0,40,28,250,250,12.1,13,1,,,1,,,,
12/6/2018,4.92,0,0,45,22,220,220,15,17,1,,,,,,1,
12/7/2018,5.14,0,0,48,28,30,10,15,19,,,,,,,,
12/8/2018,4.92,0,0,43,27,30,30,12.1,15,,,,,,,,
12/9/2018,12.3,1.04,11.5,33,30,20,20,23,29.1,1,1,,1,,,,
12/10/2018,9.4,0,0,36,24,360,360,19.9,23.9,1,,,,,,1,
12/11/2018,5.59,0,0,42,23,320,340,10.1,13,1,,,,,,1,
12/12/2018,2.46,0,0,46,19,200,200,10.1,11,,,,,,,,
12/13/2018,3.13,0,0,43,30,140,150,8.1,8.9,1,,,,,,,
12/14/2018,4.92,0.15,0,52,30,80,70,13,17,1,,1,,,,,
12/15/2018,6.26,0.24,0,56,51,10,360,15,18.1,1,1,,,,,,
12/16/2018,8.5,0.01,0,51,39,230,310,16.1,21.9,1,,,,,,,
12/17/2018,8.05,0,0,59,32,10,250,16.1,23,1,1,,,,,,
12/18/2018,5.14,0,0,49,27,350,350,17,23.9,,,,,,,,
12/19/2018,3.58,0,0,51,25,190,180,14.1,18.1,,,,,,,,
12/20/2018,6.93,0.36,0,66,33,130,120,23.9,31.1,1,,,,,,,
12/21/2018,13.87,0.09,0,68,52,170,190,29.1,38.9,1,,,,,,,
12/22/2018,12.08,0,0,56,37,290,300,25.1,31.1,,,,,,,,
12/23/2018,4.7,0,0,51,28,200,180,12.1,15,,,,,,,,
12/24/2018,7.38,0,0,51,29,300,310,18.1,23,,,,,,,,
12/25/2018,1.34,0,0,45,27,70,70,8.9,13,,,,,,,,
12/26/2018,1.12,0,0,50,26,50,70,6.9,8.9,,,,,,,,
12/27/2018,4.92,0.04,0,53,26,100,120,13,16.1,1,,,,,,1,
12/28/2018,8.28,1.15,0,65,46,180,190,19.9,23.9,1,,,,,,,
12/29/2018,8.5,0,0,65,42,290,230,14.1,19.9,,,,,,,,
12/30/2018,3.8,0,0,53,40,350,190,12.1,16.1,,,,,,,,
12/31/2018,6.04,0.18,0,64,41,200,200,18.1,23,1,,,,,,,
1/1/2019,12.3,0,0,68,47,210,210,23.9,34,,,,,,,,
1/2/2019,4.03,0.02,0,49,40,140,140,13,15,,,,,,,,
1/3/2019,4.7,0.16,0,53,39,20,230,12.1,14.1,1,,,,,,,
1/4/2019,5.59,0.1,0,50,40,120,120,32,36.9,1,,,,,,,
1/5/2019,9.17,0.05,0,59,41,310,320,25.9,32,1,1,,,,,,
1/6/2019,8.72,0,0,64,37,290,300,16.1,21,,,,,,,,
1/7/2019,7.61,0,0,45,37,170,30,14.1,18.1,,,,,,,,
1/8/2019,9.62,0,0,64,42,270,230,18.1,25.1,,,,,,,,
1/9/2019,14.54,0,0,58,35,320,310,25.9,34,,,,,,,,
1/10/2019,13.42,0,0,40,27,310,310,29.1,35.1,,,,,,,,
1/11/2019,6.04,0,0,41,24,340,340,16.1,21,,,,,,,,
1/12/2019,2.91,0.1,1,38,28,50,60,12.1,14.1,1,,,,,1,,
1/13/2019,11.63,0.93,0.5,34,30,360,360,17,23.9,1,,,1,,1,,
1/14/2019,8.05,0,0,36,27,10,10,18.1,25.1,1,,,,,,,
1/15/2019,2.01,0,0,41,28,280,290,8.9,12.1,1,,,,,,,
1/16/2019,4.25,0,0,47,25,360,360,12.1,15,1,,,,,,,
1/17/2019,3.36,0,0,43,29,130,100,12.1,14.1,1,,,,,,1,
1/18/2019,5.59,0,0,53,37,290,270,12.1,14.1,1,,,,,,1,
1/19/2019,8.28,0,0,53,39,130,130,19.9,25.1,1,,,,,,,
1/20/2019,15.66,0.46,0,59,25,340,340,31.1,38.9,1,,,,,,,
1/21/2019,13.87,0,0,28,17,290,300,23.9,32,,,,,,,,
1/22/2019,6.04,0,0,36,14,190,10,12.1,15,,,,,,,,
1/23/2019,12.97,0,0,61,27,200,200,29.1,36.9,,,,,,,,
1/24/2019,14.54,0.56,0,63,36,290,250,31.1,42.1,1,,,,,,,
1/25/2019,6.71,0,0,47,26,270,270,17,21.9,,,,,,,,
1/26/2019,2.46,0,0,47,21,180,190,13,17,,,,,,,,
1/27/2019,5.59,0,0,54,23,220,220,18.1,23,,,,,,,,
1/28/2019,7.61,0,0,44,27,40,10,14.1,32,,,,,,,,
1/29/2019,8.95,0.24,0,49,27,310,300,23.9,32,1,,,,,,,
1/30/2019,13.65,0,0,42,19,240,250,31.1,42.1,,,,,,,,
1/31/2019,4.47,0,0,32,13,260,250,15,19.9,,,,,,,,
2/1/2019,4.7,0.04,0,33,20,40,20,14.1,17,,,,,1,,,
2/2/2019,2.46,0,0,46,18,190,30,8.9,12.1,1,,,,,,1,
2/3/2019,2.68,0,0,64,28,50,80,8.9,11,1,,,,,,,
2/4/2019,3.36,0,0,67,35,360,360,8.9,16.1,1,,,,,,,
2/5/2019,2.91,0,0,75,35,30,360,13,17,,,,,,,,
2/6/2019,6.93,0.01,0,73,46,140,180,17,21,,,,,,,,
2/7/2019,4.92,0,0,65,52,140,150,14.1,17,1,,,,,,,
2/8/2019,12.3,0,0,72,44,260,270,30,38,1,,,,,,,
2/9/2019,8.5,0,0,44,24,340,350,19.9,23,,,,,,,,
2/10/2019,2.91,0.09,0,44,20,190,210,10.1,12.1,1,,,,,,,
2/11/2019,5.37,0.19,0,40,35,50,50,14.1,16.1,1,,,,,,,
2/12/2019,5.59,0.97,0,44,36,300,300,16.1,19.9,1,,,,,,,
2/13/2019,13.2,0,0,54,34,250,250,29.1,36.9,,,,,,,,
2/14/2019,5.82,0,0,58,28,170,190,14.1,18.1,,,,,,,,
2/15/2019,12.53,0,0,66,49,200,210,23,29.1,,,,,,,,
2/16/2019,7.38,0.17,0,59,30,30,360,21.9,25.1,1,,,1,,,,
2/17/2019,5.37,0.31,0,41,27,180,180,13,16.1,1,,,,,,,
2/18/2019,11.41,0.31,0,58,39,350,270,23,28,1,,,,,,,
2/19/2019,6.26,0,0,46,31,10,30,15,19,,,,,,,,
2/20/2019,7.61,0.46,0.1,37,31,320,310,15,19,1,,,,,1,,
2/21/2019,5.14,0,0,56,35,240,230,13,16.1,,,,,,,,
2/22/2019,2.46,0.36,0,48,42,70,70,8.9,11,1,,,,,,,
2/23/2019,5.82,0.64,0,42,39,70,70,13,17,1,,,,,,,
2/24/2019,12.53,0.13,0,62,39,270,310,29.1,40.9,1,,,,,,,
2/25/2019,14.76,0,0,57,38,270,300,30,36.9,,,,,,,,
2/26/2019,6.49,0,0,63,30,220,250,16.1,19,,,,,,,,
2/27/2019,7.61,0.01,0,48,33,140,60,13,16.1,,,,,,,,
2/28/2019,9.62,0,0,55,39,30,20,19.9,23.9,1,,,,,,,
3/1/2019,8.28,0.86,0,40,36,50,50,13,17,1,,,,,,,
3/2/2019,5.59,0,0,50,35,340,350,13,15,1,,,,,,,
3/3/2019,6.49,0.72,0,48,40,350,120,16.1,21,1,,,,,,,
3/4/2019,10.74,0.01,0,48,35,340,340,21.9,29.1,1,,,,,,,
3/5/2019,8.05,0,0,44,26,330,320,23.9,31.1,,,,,,,,
3/6/2019,8.95,0,0,38,23,280,280,18.1,23.9,,,,,,,,
3/7/2019,4.92,0,0,46,21,290,280,16.1,19.9,,,,,,,,
3/8/2019,3.8,0.04,0,46,30,200,190,14.1,18.1,1,,,,,,,
3/9/2019,6.26,0.07,0,42,35,40,40,12.1,15,1,,,,,,,
3/10/2019,8.72,0.21,0,63,40,220,210,23.9,35.1,1,,,,,,,
3/11/2019,7.83,0,0,63,45,310,300,15,21.9,,,,,,,,
3/12/2019,7.16,0,0,58,35,310,310,16.1,21,,,,,,,,
3/13/2019,6.26,0,0,63,28,180,190,17,21.9,,,,,,,,
3/14/2019,12.97,0,0,77,45,210,210,25.9,32,,,,,,,,
3/15/2019,17,0.03,0,76,63,210,200,28,35.1,1,,,,,,,
3/16/2019,10.07,0,0,63,42,310,310,23,28,,,,,,,,
3/17/2019,4.92,0,0,56,32,280,280,15,19,,,,,,,,
3/18/2019,5.82,0.08,0,53,32,360,360,21,23.9,1,1,,,,,,
3/19/2019,4.92,0,0,54,26,30,310,14.1,19.9,1,1,,,,,,
3/20/2019,4.92,0.13,0,57,30,70,,13,,1,,,,,,,
3/21/2019,12.3,1.39,0,59,44,300,300,25.9,35.1,1,,,,,,,
3/22/2019,13.65,0.01,0,58,42,310,310,38,53,,,,,,,,
3/23/2019,10.07,0,0,61,34,300,290,23.9,31.1,,,,,,,,
3/24/2019,7.61,0,0,71,28,230,220,19.9,25.9,,,,,,,,
3/25/2019,6.93,0.29,0,70,46,80,90,16.1,21,1,,,,,,,
3/26/2019,12.08,0,0,54,34,20,10,21.9,29.1,,,,,,,,
3/27/2019,6.26,0,0,56,29,150,60,13,19.9,,,,,,,,
3/28/2019,6.26,0,0,65,30,190,200,17,21.9,,,,,,,,
3/29/2019,7.16,0,0,77,45,220,220,13,15,,,,,,,,
3/30/2019,11.86,0,0,77,52,190,190,28,31.1,,,,,,,,
3/31/2019,14.76,0.02,0,65,43,320,350,23.9,32,,,,,,,,
4/1/2019,9.17,0,0,53,31,360,360,23,29.1,,,,,,,,
4/2/2019,7.61,0.06,0,46,30,360,330,17,23.9,1,,,,,,,
4/3/2019,9.17,0,0,70,31,220,260,21,30,1,,,,,,,
4/4/2019,6.26,0,0,71,42,130,130,15,21,,,,,,,,
4/5/2019,5.82,0.56,0,55,48,70,70,19.9,25.1,1,,,,,,,
4/6/2019,4.25,0.01,0,67,48,350,30,12.1,16.1,1,1,,,,,1,
4/7/2019,6.49,0,0,75,52,170,160,15,23,1,1,,,,,,
4/8/2019,10.96,0.61,0,83,58,280,290,25.1,36,1,,1,,,,,
4/9/2019,7.38,0.05,0,76,62,230,330,15,19,1,,,,,,,
4/10/2019,6.04,0,0,76,49,110,100,16.1,19.9,,,,,,,1,
4/11/2019,5.82,0,0,75,45,120,130,17,21.9,,,,,,,,
4/12/2019,10.51,0.02,0,75,56,180,170,21.9,29.1,,,,,,,,
4/13/2019,5.14,0.47,0,71,61,320,180,17,21.9,1,,,,,,,
4/14/2019,12.3,0.05,0,79,64,190,190,28,34,1,,,,,,,
4/15/2019,18.12,0.19,0,74,48,240,250,35.1,46.1,1,,1,,,,,
4/16/2019,8.72,0,0,71,43,220,220,18.1,25.9,,,,,,,,
4/17/2019,7.61,0,0,85,50,100,110,19.9,25.1,,,,,,,,
4/18/2019,10.74,0,0,83,52,180,180,25.9,32,,,,,,,,
4/19/2019,14.09,0.17,0,76,65,190,180,29.1,36.9,1,,,,,,,
4/20/2019,13.65,0.06,0,70,55,210,180,28,34,1,,,,,,,
4/21/2019,4.92,0,0,69,46,230,230,14.1,18.1,,,,,,,,
4/22/2019,8.72,0,0,74,54,330,320,19.9,25.1,,,,,,,,
4/23/2019,8.05,0,0,83,51,190,200,18.1,21.9,,,,,,,,
4/24/2019,8.5,0,0,85,62,310,300,19.9,25.1,,,,,,,,
4/25/2019,4.92,0,0,82,60,100,60,10.1,14.1,,,,,,,,
4/26/2019,11.63,0.83,0,80,56,280,270,29.1,38,1,,1,,,,,
4/27/2019,10.96,0,0,74,50,250,240,25.1,31.1,,,,,,,,
4/28/2019,12.53,0,0,83,53,20,20,25.9,34,,,,,,,,
4/29/2019,7.61,0,0,60,50,20,30,17,21.9,1,,,,,,,
4/30/2019,7.16,0,0,87,53,260,260,13,21.9,1,,,,,,,
5/1/2019,6.93,0,0,88,63,180,180,18.1,21.9,1,1,,,,,1,
5/2/2019,10.74,0,0,88,68,200,190,21,25.1,,,,,,,,
5/3/2019,10.51,0,0,86,64,190,190,19.9,25.1,,,,,,,,
5/4/2019,7.16,0.11,0,87,68,240,240,16.1,19,1,,1,,,,,
5/5/2019,8.95,1.59,0,79,60,10,330,21.9,29.1,1,,1,,,,,
5/6/2019,6.49,0,0,75,57,360,350,17,23,,,,,,,,
5/7/2019,6.93,0,0,80,57,180,180,16.1,19,,,,,,,1,
5/8/2019,6.26,0.22,0,82,62,210,260,17,21.9,1,,,,,,,
5/9/2019,8.95,0,0,82,65,140,130,16.1,19.9,,,,,,,,
5/10/2019,10.07,0,0,82,64,220,210,19.9,25.9,,,,,,,,
5/11/2019,6.49,0.64,0,77,65,50,60,15,19,1,,1,,,,,
5/12/2019,9.62,0.26,0,76,56,240,230,18.1,23.9,1,,,,,,,
5/13/2019,5.82,0.54,0,65,52,40,20,14.1,18.1,1,,,,,,,
5/14/2019,8.28,0.04,0,66,51,330,350,25.1,32,1,,,,,,,
5/15/2019,6.26,0,0,73,44,300,310,14.1,19,,,,,,,,
5/16/2019,7.83,0,0,80,54,250,250,16.1,21,,,,,,,,
5/17/2019,7.61,0.23,0,85,57,260,270,23,28,1,,1,,,,,
5/18/2019,4.7,0,0,88,64,130,130,15,18.1,,,,,,,,
5/19/2019,8.72,0,0,92,67,190,220,19.9,23,1,,,,,,,
5/20/2019,10.74,0,0,90,69,270,220,23.9,29.1,,,,,,,,
5/21/2019,7.61,0,0,79,57,20,350,17,23.9,,,,,,,,
5/22/2019,5.82,0,0,77,54,150,100,14.1,17,,,,,,,,
5/23/2019,11.41,0,0,87,58,220,230,21.9,25.9,,,,,,,,
5/24/2019,8.28,0,0,90,67,330,320,16.1,23,,,,,,,,
5/25/2019,8.28,0,0,87,65,120,140,16.1,21,,,,,,,,
5/26/2019,6.04,0.31,0,93,70,330,340,23,29.1,,,,,,,,
5/27/2019,5.82,0.11,0,87,68,360,10,18.1,19.9,1,,1,,,,,
5/28/2019,7.83,0,0,93,68,220,240,21,25.1,,,,,,,,
5/29/2019,11.18,0,0,95,71,230,240,23,28,,,1,,,,,
5/30/2019,10.29,0.01,0,94,70,240,230,23.9,29.1,,,,,,,,
5/31/2019,6.26,1.77,0,86,64,350,10,31.1,36,1,,1,,,,1,
6/1/2019,4.47,0.29,0,83,63,40,30,14.1,17,1,,,,,,,
6/2/2019,6.49,0,0,87,62,10,10,18.1,25.9,,,,,,,,
6/3/2019,10.07,0,0,79,56,350,300,17,21.9,,,,,,,,
6/4/2019,4.92,0,0,79,52,230,220,14.1,18.1,,,,,,,,
6/5/2019,11.86,0.33,0,86,64,250,260,38,49,1,,1,,,,1,
6/6/2019,7.61,0,0,89,71,280,280,16.1,19.9,,,,,,,,
6/7/2019,6.04,1.69,0,75,69,50,50,14.1,18.1,1,,1,,,,,
6/8/2019,8.95,0.5,0,77,68,50,60,16.1,23.9,1,,,,,,,
6/9/2019,10.96,0.08,0,83,68,100,90,23,29.1,1,,,,,,,
6/10/2019,6.26,1.13,0,82,70,170,180,17,21.9,1,1,,,,,,
6/11/2019,11.41,0.29,0,80,63,350,350,23.9,31.1,1,,,,,,,
6/12/2019,6.71,0.1,0,77,59,110,110,14.1,18.1,1,,,,,,,
6/13/2019,9.4,0.64,0,79,62,200,200,21,23.9,1,,,,,,,
6/14/2019,10.29,0,0,78,60,320,290,21,27.1,,,,,,,,
6/15/2019,9.62,0,0,83,55,190,210,21,25.1,,,,,,,,
6/16/2019,12.75,0,0,89,65,230,210,21.9,27.1,,,,,,,,
6/17/2019,6.93,0,0,93,70,220,220,15,19,,,,,,,,
6/18/2019,8.5,0.08,0,88,70,220,230,19.9,23,1,,,,,,,
6/19/2019,6.93,0.01,0,86,71,200,210,15,17,,,,,,,,
6/20/2019,11.41,0,0,91,73,270,280,23,32,,,,,,,,
6/21/2019,12.75,0,0,85,70,350,300,19.9,33.1,,,,,,,,
6/22/2019,6.04,0,0,83,61,340,350,17,23,,,,,,,,
6/23/2019,4.92,0,0,85,59,240,240,14.1,19,,,,,,,,
6/24/2019,8.95,0,0,93,65,180,180,18.1,21.9,,,,,,,,
6/25/2019,7.16,0,0,91,75,260,190,14.1,19,,,,,,,,
6/26/2019,5.59,0,0,93,69,330,30,13,16.1,,,,,,,,
6/27/2019,3.8,0,0,96,71,340,130,12.1,16.1,,,,,,,,
6/28/2019,4.25,0,0,95,69,170,140,18.1,25.1,,,1,,,,,
6/29/2019,5.82,0,0,97,69,270,270,16.1,19,,,,,,,1,
6/30/2019,6.93,0,0,94,74,270,300,16.1,23,,,,,,,,
7/1/2019,6.93,0,0,89,66,10,20,14.1,18.1,,,,,,,,
7/2/2019,5.82,0,0,95,66,200,210,14.1,18.1,,,,,,,,
7/3/2019,5.82,0.69,0,99,71,270,260,40,52.1,,,1,,,,,
7/4/2019,5.14,2.05,0,95,72,320,330,23,29.1,1,,1,,,,,
7/5/2019,5.14,0,0,90,71,230,220,12.1,14.1,1,,,,,,,
7/6/2019,7.61,0.06,0,90,74,220,220,17,21,,,,,,,,
7/7/2019,5.37,1.66,0,92,73,180,190,21,23.9,1,,1,,,,,
7/8/2019,6.49,0.05,0,87,72,30,30,21,28,1,,,,,,,
7/9/2019,6.71,0,0,86,67,70,100,12.1,16.1,,,,,,,,
7/10/2019,4.47,0,0,89,67,210,200,12.1,13,,,,,,,,
7/11/2019,8.28,0.53,0,92,72,320,310,35.1,45,1,,1,,,,1,
7/12/2019,5.59,0,0,91,73,320,180,14.1,19,1,,,,,,,
7/13/2019,4.92,0,0,93,74,30,30,13,16.1,,,,,,,,
7/14/2019,5.59,0,0,95,73,260,260,13,15,1,,,,,,,
7/15/2019,6.26,0,0,93,74,10,20,14.1,16.1,,,,,,,,
7/16/2019,5.37,0,0,94,75,160,170,21,28,,,1,,,,,
7/17/2019,9.62,0.02,0,98,75,210,210,31.1,38,,,1,,,,,
7/18/2019,8.5,0.27,0,95,76,320,320,30,36.9,1,,1,,,,,
7/19/2019,3.8,0,0,95,75,180,190,12.1,16.1,,,,,,,,
7/20/2019,7.61,0,0,99,77,260,210,17,23.9,,,,,,,,
7/21/2019,5.82,0,0,100,75,240,240,19.9,25.1,,,,,,,,
7/22/2019,11.41,0.01,0,97,73,200,200,25.9,33.1,,,,,,,,
7/23/2019,7.83,0.42,0,76,66,360,360,18.1,23,1,,,,,,,
7/24/2019,8.05,0,0,85,67,360,50,15,21,1,,,,,,,
7/25/2019,4.47,0,0,88,65,40,40,13,17,,,,,,,,
7/26/2019,2.91,0,0,89,65,60,100,14.1,16.1,,,,,,,,
7/27/2019,3.58,0,0,89,64,140,140,13,16.1,,,,,,,,
7/28/2019,5.82,0,0,94,67,180,180,15,19,,,,,,,,
7/29/2019,6.93,0,0,95,69,210,210,16.1,21,,,,,,,,
7/30/2019,8.28,0,0,95,70,180,220,18.1,23.9,,,,,,,,
7/31/2019,6.93,0.46,0,95,70,320,310,33.1,44.1,1,,1,,,,1,
8/1/2019,3.8,0.15,0,91,69,230,230,14.1,15,,,1,,,,,
8/2/2019,6.71,0.59,0,85,68,40,40,18.1,23,1,,1,,,,,
8/3/2019,2.68,0,0,90,69,130,120,8.9,12.1,,,,,,,,
8/4/2019,5.82,0.01,0,92,71,180,190,17,23,,,1,,,,,
8/5/2019,4.47,0.25,0,86,70,20,40,21.9,28,1,,1,,,,,
8/6/2019,5.37,0.01,0,89,68,130,170,14.1,21,1,,,,,,,
8/7/2019,8.95,0.02,0,90,71,140,140,29.1,38.9,,,1,,,,,
8/8/2019,6.04,0,0,92,67,290,300,12.1,23,,,1,,,,,
8/9/2019,7.83,0,0,94,69,270,270,23.9,28,,,,,,,,
8/10/2019,5.82,0,0,87,66,310,300,16.1,19,,,,,,,,
8/11/2019,5.14,0,0,90,65,10,340,13,16.1,,,,,,,,
8/12/2019,6.93,0,0,92,66,180,180,16.1,21,,,,,,,,
8/13/2019,9.62,0,0,93,75,180,180,18.1,21.9,,,1,,,,,
8/14/2019,5.82,0,0,93,71,290,330,14.1,17,,,1,,,,,
8/15/2019,6.26,0.25,0,89,74,240,250,18.1,21.9,1,,1,,,,1,
8/16/2019,5.82,0.2,0,86,73,360,10,29.1,34,1,,1,,,,1,
8/17/2019,3.8,0,0,93,71,180,110,13,18.1,1,1,,,,,1,
8/18/2019,3.8,0,0,94,70,210,200,12.1,15,,,,,,,,
8/19/2019,5.82,0,0,99,74,130,110,21,29.1,,,1,,,,,
8/20/2019,5.59,0.12,0,97,72,340,340,28,36,,,1,,,,1,
8/21/2019,9.17,0,0,90,73,10,20,17,23.9,1,,,,,,,
8/22/2019,6.93,0.55,0,96,73,290,290,29.1,36.9,1,,1,,,,,
8/23/2019,6.93,0.07,0,87,66,360,350,25.9,34,1,,,,,,,
8/24/2019,8.05,0.03,0,81,65,10,350,17,21,1,,,,,,,
8/25/2019,9.62,0,0,81,63,50,30,21,25.9,,,,,,,,
8/26/2019,8.5,0,0,79,62,50,50,15,21.9,,,,,,,,
8/27/2019,5.37,0,0,84,64,70,70,10.1,16.1,,,,,,,,
8/28/2019,2.91,0.04,0,86,68,360,350,21,25.9,,,,,,,,
8/29/2019,7.38,0,0,86,64,340,330,16.1,21.9,,,,,,,,
8/30/2019,3.8,0,0,92,59,270,270,16.1,19.9,,,,,,,,
8/31/2019,4.7,0,0,93,63,60,50,13,16.1,,,,,,,,
9/1/2019,6.71,0,0,89,67,110,110,16.1,19.9,1,,,,,,,
9/2/2019,3.58,0,0,92,69,220,210,13,15,1,1,,,,,,
9/3/2019,6.71,0,0,91,70,10,10,13,17,,,,,,,,
9/4/2019,7.16,0,0,94,69,170,170,17,29.1,1,,,,,,,
9/5/2019,10.51,0,0,81,72,40,40,21,27.1,,,,,,,,
9/6/2019,13.65,0.38,0,81,63,360,340,25.9,38,1,,,,,,,
9/7/2019,4.7,0,0,88,59,340,280,14.1,21,,,,,,,,
9/8/2019,4.7,0,0,88,66,20,50,12.1,19.9,1,,,,,,,
9/9/2019,4.92,0,0,85,68,30,50,14.1,17,1,,,,,,1,
9/10/2019,4.47,0,0,89,66,120,130,13,16.1,1,1,,,,,,
9/11/2019,5.59,0.01,0,95,67,320,320,15,21,1,,,,,,,
9/12/2019,5.82,0,0,98,72,50,50,18.1,23,,,1,,,,,
9/13/2019,9.17,0,0,75,70,60,70,17,21.9,1,,,,,,1,
9/14/2019,4.7,0,0,85,68,220,180,13,18.1,,,,,,,,
9/15/2019,3.8,0,0,88,71,340,40,12.1,15,1,,,,,,,
9/16/2019,3.36,0,0,94,65,110,130,13,18.1,1,,,,,,,
9/17/2019,6.71,0,0,81,64,80,60,18.1,21.9,,,,,,,,
9/18/2019,6.71,0,0,80,58,50,20,16.1,19.9,,,,,,,,
9/19/2019,6.04,0,0,75,54,90,60,13,18.1,,,,,,,,
9/20/2019,2.91,0,0,80,49,190,200,13,16.1,,,,,,,,
9/21/2019,5.37,0,0,91,56,170,220,13,18.1,,,,,,,,
9/22/2019,7.83,0,0,92,64,180,180,16.1,19.9,,,,,,,,
9/23/2019,8.72,0,0,94,67,230,230,21,25.9,,,,,,,,
9/24/2019,6.93,0,0,87,59,20,10,16.1,21,,,,,,,,
9/25/2019,4.7,0,0,86,57,230,230,13,18.1,,,,,,,,
9/26/2019,7.16,0.03,0,95,64,320,310,32,40.9,1,,,,,,,
9/27/2019,7.83,0,0,86,66,150,140,16.1,19,,,,,,,,
9/28/2019,4.25,0,0,93,70,210,240,12.1,19,,,,,,,,
9/29/2019,7.16,0,0,94,70,30,30,15,19,,,,,,,,
9/30/2019,6.71,0,0,81,68,130,130,14.1,17,,,,,,,,
10/1/2019,5.14,0,0,88,69,220,220,12.1,15,,,,,,,,
10/2/2019,5.82,0,0,98,69,250,280,14.1,23.9,,,,,,,,
10/3/2019,5.14,0,0,97,69,90,90,15,19,1,,,,,,,
10/4/2019,10.07,0,0,83,59,30,20,21.9,27.1,1,1,,,,,,
10/5/2019,8.95,0,0,71,50,10,20,16.1,21.9,,,,,,,,
10/6/2019,4.7,0,0,76,62,170,170,12.1,16.1,,,,,,,,
10/7/2019,7.61,0,0,85,60,360,210,18.1,23.9,,,,,,,,
10/8/2019,12.75,0.38,0,67,59,10,20,19.9,31.1,1,,,,,,,
10/9/2019,9.62,0,0,68,56,10,10,17,21,,,,,,,,
10/10/2019,8.72,0,0,76,56,30,10,17,21.9,,,,,,,,
10/11/2019,7.83,0,0,76,51,360,350,17,21.9,,,,,,,,
10/12/2019,4.47,0,0,80,47,40,150,8.9,13,,,,,,,,
10/13/2019,5.59,0.33,0,70,56,40,30,14.1,17,1,,,,,,,
10/14/2019,3.13,0.01,0,74,50,290,290,8.1,8.1,1,,,,,,,
10/15/2019,6.04,0,0,76,48,150,70,13,17,,,,,,,,
10/16/2019,9.17,1.3,0,64,50,250,250,28,38.9,1,,,,,,,
10/17/2019,11.86,0,0,64,48,280,280,23.9,29.1,,,,,,,,
10/18/2019,5.14,0,0,66,37,330,330,19.9,25.9,,,,,,,,
10/19/2019,2.68,0,0,67,38,200,190,10.1,14.1,,,,,,,,
10/20/2019,13.42,1.59,0,62,55,360,340,23.9,32,1,,,,,,,
10/21/2019,6.93,0,0,61,54,350,350,15,19.9,1,,,,,,,
10/22/2019,8.5,0.07,0,68,57,130,120,16.1,21,1,,,,,,,
10/23/2019,5.37,0,0,69,45,290,280,14.1,17,1,,,,,,,
10/24/2019,2.91,0,0,71,41,170,150,14.1,18.1,,,,,,,,
10/25/2019,1.57,0,0,69,48,220,200,8.9,11,1,,,,,,,
10/26/2019,5.82,0,0,74,56,120,100,15,19.9,1,,,,,,,
10/27/2019,10.51,0.21,0,83,60,190,200,23.9,30,1,,,,,,,
10/28/2019,6.71,0,0,71,52,50,40,17,21,,,,,,,,
10/29/2019,2.46,0,0,70,51,80,80,8.1,11,,,,,,,,
10/30/2019,5.59,0.11,0,66,56,140,100,14.1,19.9,1,,,,,,,
10/31/2019,16.55,0.66,0,82,56,260,240,38.9,51,1,,1,,,,,
11/1/2019,8.28,0,0,59,41,300,300,23.9,36,,,,,,,,
11/2/2019,3.36,0,0,59,35,220,180,10.1,14.1,,,,,,,,
11/3/2019,4.03,0,0,59,34,260,300,14.1,18.1,,,,,,,,
11/4/2019,4.25,0,0,63,32,180,140,16.1,21.9,,,,,,,,
11/5/2019,3.8,0,0,70,45,260,260,14.1,18.1,,,,,,,,
11/6/2019,5.14,0,0,63,41,30,50,17,25.9,,,,,,,,
11/7/2019,6.49,0.03,0,67,38,10,10,18.1,23,1,,,,,,,
11/8/2019,12.97,0.01,0,52,30,360,360,25.9,34,,,,,,,,
11/9/2019,4.7,0,0,49,27,190,150,12.1,15,,,,,,,,
11/10/2019,6.71,0,0,65,31,220,200,16.1,21.9,,,,,,,,
11/11/2019,8.5,0,0,70,39,200,190,19.9,23,,,,,,,,
11/12/2019,10.07,0.76,0.9,57,28,330,330,30,38.9,1,,,,,,,
11/13/2019,5.59,0,0,38,23,10,10,16.1,19,,,,,,,,
11/14/2019,2.91,0.02,0,45,20,180,180,10.1,13,1,,,,,,,
11/15/2019,5.82,0.11,0,49,39,20,60,12.1,15,1,,,,,,,
11/16/2019,16.78,0,0,47,39,40,40,25.1,32,,,,,,,,
11/17/2019,13.42,0,0,47,39,360,20,19.9,25.9,,,,,,,,
11/18/2019,5.14,0.04,0,53,41,360,350,14.1,17,1,,,,,,1,
11/19/2019,4.03,0,0,51,43,250,250,10.1,13,1,,,,,,,
11/20/2019,9.17,0,0,58,40,330,320,21,27.1,,,,,,,,
11/21/2019,6.49,0,0,57,37,190,10,13,18.1,,,,,,,,
11/22/2019,10.07,0.01,0,61,43,270,270,21.9,27.1,,,,,,,,
11/23/2019,3.8,0.62,0,48,30,140,150,10.1,13,1,,,,,,,
11/24/2019,10.51,0.16,0,56,40,310,290,25.1,32,1,,,,,,,
11/25/2019,4.03,0,0,57,30,190,150,14.1,18.1,,,,,,,,
11/26/2019,4.92,0,0,66,34,190,180,14.1,16.1,,,,,,,,
11/27/2019,11.41,0.02,0,59,47,220,220,23,32,1,,,,,,,
11/28/2019,11.86,0,0,56,40,330,330,29.1,35.1,,,,,,,,
11/29/2019,5.14,0,0,54,36,10,360,15,19,,,,,,,,
11/30/2019,3.36,0.02,0,46,39,130,140,10.1,14.1,1,,,,,,,
12/1/2019,7.16,0.56,0,50,40,130,130,15,19,1,,,,,,,
12/2/2019,9.84,0.15,0,51,42,290,320,21,27.1,,,,,,,,
12/3/2019,8.05,0,0,52,37,310,280,17,21,,,,,,,,
12/4/2019,7.61,0,0,53,31,220,240,17,21,,,,,,,,
12/5/2019,7.83,0,0,54,32,270,260,19.9,25.9,,,,,,,,
12/6/2019,7.16,0,0,57,26,210,220,18.1,23.9,,,,,,,,
12/7/2019,6.93,0,0,48,27,10,360,18.1,23,,,,,,,,
12/8/2019,3.8,0.21,0,51,25,340,130,8.9,12.1,1,,,,,,,
12/9/2019,7.83,0.41,0,60,44,210,200,18.1,23.9,1,1,,,,,,
12/10/2019,10.74,0.28,0,68,48,220,220,21,25.9,1,,,,,,,
12/11/2019,7.83,0.53,0.1,48,29,20,20,17,23,1,,,,,,,
12/12/2019,5.37,0,0,41,25,50,70,14.1,18.1,,,,,,,,
12/13/2019,7.61,0.43,0,41,30,340,320,13,16.1,1,,,,,,,
12/14/2019,8.28,0.09,0,56,41,240,240,23,29.1,1,,,,,,,
12/15/2019,10.29,0,0,57,39,250,310,18.1,25.1,,,,,,,,
12/16/2019,6.26,0,0,52,39,30,30,13,15,1,,,,,,,
12/17/2019,7.16,0.35,0,52,38,20,10,21.9,28,1,,,,,,,
12/18/2019,9.84,0,0,46,29,270,270,25.1,33.1,,,,,,,,
12/19/2019,5.14,0,0,38,22,10,10,15,18.1,,,,,,,,
12/20/2019,4.7,0,0,45,23,60,50,16.1,19.9,,,,,,,,
12/21/2019,0.67,0,0,45,27,350,140,6,8.1,,,,,,,1,
12/22/2019,1.57,0,0,49,25,200,160,6,8.1,,,,,,,,
12/23/2019,1.34,0,0,54,34,340,340,6.9,6.9,,,,,,,,
12/24/2019,6.04,0,0,58,33,20,50,15,19,,,,,,,,
12/25/2019,2.01,0,0,55,29,190,180,8.1,8.9,1,,,,,,1,
12/26/2019,2.91,0,0,64,30,140,140,8.9,12.1,1,,,,,,,
12/27/2019,2.91,0,0,61,40,230,230,8.9,12.1,1,1,,,,,,
12/28/2019,2.46,0,0,67,39,140,80,8.9,13,1,1,,,,,,
12/29/2019,7.16,0.25,0,63,47,170,170,15,19,1,,,,,,,
12/30/2019,12.3,0.01,0,73,49,200,180,21.9,32,1,,,,,,,
12/31/2019,7.38,0,0,57,41,280,240,19.9,25.9,1,1,,,,,,
1/1/2020,8.5,0,0,54,35,270,300,19.9,23.9,,,,,,,,
1/2/2020,9.17,0,0,62,30,210,230,19.9,25.1,1,,,,,,,
1/3/2020,9.17,0.2,0,59,45,210,200,21,23.9,1,,,,,,,
1/4/2020,8.72,0.37,0,63,45,330,330,23.9,30,1,,,,,,,
1/5/2020,12.3,0,0,50,33,300,300,23,32,,,,,,,,
1/6/2020,6.26,0,0,56,32,270,290,16.1,19,,,,,,,,
1/7/2020,6.71,0.33,0,45,28,280,250,25.1,32,1,,,,,,,
1/8/2020,9.84,0,0,53,29,290,280,28,42.1,,,,,,,,
1/9/2020,3.36,0,0,45,24,130,130,12.1,14.1,,,,,,,,
1/10/2020,6.71,0,0,62,32,180,180,18.1,23.9,,,,,,,,
1/11/2020,14.54,0.01,0,72,53,180,190,28,36,1,,,,,,,
1/12/2020,10.96,0.44,0,69,48,200,200,29.1,42.9,1,,,,,,,
1/13/2020,3.8,0.01,0,59,53,120,110,8.1,11,1,,,,,,,
1/14/2020,4.92,1.21,0,54,50,90,90,14.1,16.1,1,1,1,,,,,
1/15/2020,3.36,0,0,55,47,170,180,8.9,13,1,1,,,,,,
1/16/2020,12.75,0,0,61,38,320,320,30,38,1,,,,,,,
1/17/2020,10.29,0,0,42,29,340,320,21.9,31.1,,,,,,,,
1/18/2020,7.83,0.12,0,41,29,170,170,17,21,1,,,1,,,,
1/19/2020,13.65,0,0,53,31,360,320,25.9,34,,,,,,,,
1/20/2020,11.63,0,0,37,24,350,350,23,28,,,,,,,,
1/21/2020,10.51,0,0,37,22,360,10,19.9,25.9,,,,,,,,
1/22/2020,5.37,0,0,43,20,360,360,13,15,,,,,,,,
1/23/2020,3.36,0,0,44,24,360,90,6.9,12.1,,,,,,,,
1/24/2020,8.5,0,0,62,32,120,100,19.9,25.9,1,,,,,,,
1/25/2020,7.16,0.76,0,62,41,130,130,18.1,23,1,,,,,,,
1/26/2020,7.61,0,0,52,33,270,290,16.1,21,,,,,,,,
1/27/2020,8.5,0,0,54,30,270,270,18.1,23,,,,,,,,
1/28/2020,7.83,0,0,47,30,340,330,23,30,,,,,,,,
1/29/2020,2.91,0,0,46,26,330,20,14.1,18.1,,,,,,,,
1/30/2020,4.25,0,0,45,27,30,30,10.1,13,,,,,,,,
1/31/2020,3.58,0.14,0,46,27,310,310,15,19.9,1,,,,,,,
2/1/2020,4.25,0.02,0,51,38,230,230,10.1,15,1,,,,,,,
2/2/2020,10.96,0,0,58,31,250,240,25.9,33.1,1,,,,,,,
2/3/2020,9.62,0,0,72,45,210,210,15,19,,,,,,,,
2/4/2020,10.51,0,0,72,57,230,310,17,27.1,,,,,,,,
2/5/2020,10.51,0.14,0,64,41,10,20,23.9,31.1,1,,,,,,,
2/6/2020,4.25,1.6,0,52,41,360,360,15,17,1,,,,,,,
2/7/2020,20.8,0.21,0,62,36,240,250,42.9,57,1,,,,,,,
2/8/2020,6.71,0,0,46,29,230,240,15,17,,,,,,,,
2/9/2020,5.14,0,0,52,28,140,190,13,16.1,,,,,,,,
2/10/2020,10.51,0.17,0,57,38,220,220,23,32,1,,,,,,,
2/11/2020,6.71,0.74,0,61,51,30,30,14.1,17,1,,,,,,,
2/12/2020,6.71,0,0,51,44,130,130,15,18.1,,,,,,,,
2/13/2020,9.84,0.1,0,62,43,310,310,21,25.9,1,,,,,,,
2/14/2020,9.62,0,0,47,28,10,20,21,25.9,,,,,,,1,
2/15/2020,5.82,0,0,39,21,20,180,14.1,18.1,,,,,,,,
2/16/2020,5.82,0,0,52,29,240,260,10.1,13,,,,,,,,
2/17/2020,6.49,0,0,57,37,50,40,16.1,21.9,,,,,,,,
2/18/2020,4.03,0,0,64,33,210,200,15,19,1,,,,,,1,
2/19/2020,7.16,0.12,0,54,33,10,20,23,29.1,1,,,,,,,
2/20/2020,4.92,0.07,0.5,40,31,50,40,16.1,19.9,1,,,,,,,
2/21/2020,10.07,0,0,40,22,350,10,21,27.1,,,,,,,,
2/22/2020,6.26,0,0,53,20,170,180,14.1,17,,,,,,,,
2/23/2020,5.59,0,0,63,25,210,200,16.1,19.9,,,,,,,,
2/24/2020,8.05,0.04,0,56,38,220,220,19.9,25.1,1,,,,,,,
2/25/2020,4.47,0.38,0,60,46,130,130,14.1,19.9,1,1,,,,,,
2/26/2020,6.26,0,0,55,47,250,240,25.1,32,1,1,,,,,,
2/27/2020,14.54,0,0,51,33,270,260,28,36.9,,,,,,,1,
2/28/2020,12.3,0,0,51,28,220,220,23.9,32,,,,,,,,
2/29/2020,10.96,0,0,44,29,320,330,25.9,36,,,,,,,,
3/1/2020,5.37,0,0,54,21,210,210,13,25.1,,,,,,,,
3/2/2020,13.2,0,0,69,35,220,210,30,40.9,,,,,,,,
3/3/2020,11.86,0,0,65,46,190,220,25.9,36,,,,,,,,
3/4/2020,8.28,0,0,63,39,280,280,21,25.9,,,,,,,,
3/5/2020,8.5,0,0,55,39,10,360,17,23.9,,,,,,,,
3/6/2020,10.29,0.04,0,59,39,330,340,25.9,34,1,,,,,,,
3/7/2020,15.43,0,0,54,38,330,330,30,36.9,,,,,,,,
3/8/2020,6.26,0,0,62,28,210,210,15,19,,,,,,,,
3/9/2020,11.18,0,0,73,39,220,220,19.9,23.9,,,,,,,,
3/10/2020,16.33,0,0,70,56,230,230,31.1,36.9,,,,,,,,
3/11/2020,6.71,0,0,68,49,170,30,14.1,19,,,,,,,,
3/12/2020,5.37,0,0,65,47,100,120,12.1,14.1,,,,,,,,
3/13/2020,12.3,0.15,0,80,51,260,230,21.9,29.1,1,,,,,,,
3/14/2020,6.71,0,0,62,48,10,20,15,19,,,,,,,,
3/15/2020,9.17,0,0,52,44,20,20,16.1,21.9,,,,,,,,
3/16/2020,8.05,0,0,58,42,60,60,17,21,,,,,,,,
3/17/2020,6.49,0,0,68,41,20,30,17,23,,,,,,,,
3/18/2020,9.62,0.08,0,59,50,20,20,18.1,23,1,,,,,,,
3/19/2020,8.95,0.12,0,82,50,210,210,17,23,1,,,,,,,
3/20/2020,16.11,0.08,0,88,65,230,240,32,40,,,,,,,,
3/21/2020,9.84,0.12,0,65,48,360,20,23.9,29.1,,,,,,,,
3/22/2020,9.62,0,0,56,45,90,90,16.1,21,,,,,,,,
3/23/2020,7.61,0.8,0,49,42,300,300,21.9,25.1,1,,,,,,,
3/24/2020,5.14,0.01,0,58,40,110,20,13,19,1,,,,,,,
3/25/2020,10.29,0.75,0,50,45,350,350,19.9,25.1,1,,,,,,,
3/26/2020,8.05,0,0,58,41,190,180,18.1,23.9,1,,,,,,,
3/27/2020,6.71,0.01,0,71,50,350,200,15,18.1,,,,,,,,
3/28/2020,5.59,0,0,79,56,40,90,15,19,,,,,,,,
3/29/2020,8.72,0,0,88,54,260,260,21.9,29.1,1,1,,,,,,
3/30/2020,9.62,0,0,75,55,220,230,23.9,31.1,,,,,,,,
3/31/2020,7.38,0.5,0,56,44,50,50,19.9,25.1,1,,,,,,,
4/1/2020,11.41,0.03,0,55,42,350,340,21,28,1,,,,,,,
4/2/2020,13.87,0,0,65,43,310,290,25.9,36.9,,,,,,,,
4/3/2020,10.74,0,0,71,43,310,330,28,36.9,,,,,,,,
4/4/2020,7.38,0,0,61,44,20,10,16.1,19.9,,,,,,,,
4/5/2020,4.47,0,0,73,39,230,200,13,16.1,1,,,,,,,
4/6/2020,5.82,0.06,0,74,51,320,320,16.1,21.9,,,,,,,,
4/7/2020,5.59,0.22,0,82,50,330,340,38.9,51,1,,1,,,,1,
4/8/2020,8.5,0.02,0,81,55,350,360,25.9,34,,,,,,,,
4/9/2020,14.32,0.03,0,78,50,280,270,35.1,46.1,,,,,,,,
4/10/2020,15.21,0,0,57,44,300,280,31.1,44.1,,,,,,,,
4/11/2020,5.82,0,0,65,33,250,230,17,21.9,,,,,,,,
4/12/2020,12.53,0.06,0,76,49,180,190,25.1,34,1,,,,,,,
4/13/2020,18.12,1.37,0,83,61,180,170,36,47,1,,,,,,,
4/14/2020,8.72,0.06,0,65,45,360,350,23,28,1,,,,,,,
4/15/2020,9.62,0.03,0,55,38,360,350,25.9,35.1,,,,,,,,
4/16/2020,8.05,0,0,63,37,300,300,21.9,27.1,,,,,,,,
4/17/2020,10.74,0,0,70,38,190,190,25.1,32,,,,,,,1,
4/18/2020,12.75,0.08,0,64,38,330,210,28,35.1,1,,,,,,,
4/19/2020,5.82,0,0,69,34,220,200,19.9,25.1,,,,,,,,
4/20/2020,5.37,0.36,0,61,47,360,20,14.1,18.1,1,,,,,,,
4/21/2020,13.42,0.03,0,74,43,230,240,38,48.1,,,,,,,,
4/22/2020,7.61,0,0,67,33,280,260,21,29.1,,,,,,,,
4/23/2020,5.82,0.15,0,64,47,210,230,21,23.9,1,,,,,,,
4/24/2020,10.74,0.23,0,77,54,360,360,21,25.9,1,,1,,,,,
4/25/2020,6.93,0.12,0,61,51,150,150,14.1,16.1,1,,,,,,,
4/26/2020,6.49,0.15,0,69,51,260,260,16.1,21,1,,,,,,,
4/27/2020,12.75,0.01,0,62,44,350,340,28,35.1,1,,,,,,,
4/28/2020,4.92,0,0,70,41,220,220,13,16.1,,,,,,,,
4/29/2020,10.51,0,0,80,52,160,160,28,35.1,,,,,,,,
4/30/2020,11.18,1.7,0,68,57,150,150,28,38,1,,,,,,,
5/1/2020,10.51,0.1,0,66,53,290,290,25.9,32,1,,,,,,,
5/2/2020,5.82,0,0,73,44,340,320,15,21.9,,,,,,,,
5/3/2020,8.5,0,0,87,58,290,260,15,19,,,,,,,,
5/4/2020,11.41,0,0,81,54,300,310,23.9,34,,,,,,,,
5/5/2020,5.59,0.11,0,59,50,30,40,14.1,19,1,,,,,,,
5/6/2020,10.51,0.14,0,70,49,10,320,23,29.1,1,,,,,,,
5/7/2020,10.07,0,0,68,42,320,320,21,25.1,,,,,,,,
5/8/2020,13.87,0.12,0,71,42,200,220,33.1,42.9,1,,,,,,,
5/9/2020,9.17,0,0,60,34,320,280,23,30,,,,,,,,
5/10/2020,7.83,0,0,68,32,220,220,21.9,30,,,,,,,,
5/11/2020,12.3,0,0,67,44,320,310,23,36,,,,,,,,
5/12/2020,6.71,0,0,65,38,320,340,21,25.9,,,,,,,,
5/13/2020,4.03,0,0,71,41,260,240,15,19.9,,,,,,,,
5/14/2020,7.61,0,0,79,45,220,220,17,23.9,,,,,,,,
5/15/2020,13.42,0,0,86,61,220,220,25.1,32,,,,,,,,
5/16/2020,7.61,0,0,87,63,80,110,17,23,,,,,,,,
5/17/2020,8.28,0,0,79,63,70,120,17,19.9,,,,,,,,
5/18/2020,11.18,0.06,0,63,59,20,30,17,23,1,,,,,,,
5/19/2020,13.87,0,0,64,53,80,60,25.9,38,,,,,,,,
5/20/2020,14.09,0.01,0,59,52,60,50,23,32,1,,,,,,1,
5/21/2020,11.86,0.04,0,70,54,90,80,19.9,30,1,,,,,,,
5/22/2020,8.05,0.29,0,83,64,230,200,16.1,21.9,1,,,,,,,
5/23/2020,3.8,0,0,85,62,310,360,10.1,15,,,,,,,,
5/24/2020,6.49,0,0,69,61,60,70,14.1,17,1,,,,,,,
5/25/2020,4.7,0,0,76,60,90,120,8.9,12.1,1,,,,,,,
5/26/2020,3.36,0,0,76,56,130,130,12.1,15,1,1,,,,,,
5/27/2020,8.05,0.06,0,80,64,100,100,18.1,23.9,1,1,,,,,,
5/28/2020,10.51,0.92,0,80,71,140,130,17,23,1,,1,,,,,
5/29/2020,8.72,0.04,0,85,73,250,240,17,21,,,,,,,,
5/30/2020,5.82,0.01,0,84,67,350,10,15,21,1,,,,,,,
5/31/2020,9.62,0,0,76,59,20,360,19.9,28,,,,,,,,
6/1/2020,6.93,0,0,74,54,350,30,15,19.9,,,,,,,,
6/2/2020,8.95,0,0,84,56,230,230,17,23.9,,,,,,,,
6/3/2020,10.96,0,0,92,67,230,250,21.9,25.9,,,,,,,,
6/4/2020,9.4,0,0,94,73,200,200,18.1,23,,,,,,,,
6/5/2020,10.07,0,0,86,72,170,200,23.9,30,,,1,,,,,
6/6/2020,7.16,0.53,0,92,70,210,50,21.9,29.1,1,,1,,,,,
6/7/2020,7.83,0.02,0,85,65,350,330,18.1,21.9,,,,,,,,
6/8/2020,4.25,0,0,88,59,100,260,10.1,17,,,,,,,,
6/9/2020,5.59,0,0,91,64,200,190,14.1,18.1,,,,,,,,
6/10/2020,12.75,0,0,92,73,190,200,28,36,,,,,,,,
6/11/2020,11.41,1.3,0,86,71,190,190,19.9,25.9,1,,1,,,,,
6/12/2020,6.04,0,0,86,66,10,10,16.1,21,1,,,,,,,
6/13/2020,8.5,0,0,81,62,10,30,17,21.9,,,,,,,,
6/14/2020,8.5,0,0,79,61,80,80,16.1,23.9,,,,,,,,
6/15/2020,8.05,0.17,0,68,60,50,40,14.1,19,1,,,,,,,
6/16/2020,11.41,0.58,0,67,60,40,30,18.1,23,1,,,,,,,
6/17/2020,11.63,0.31,0,70,62,40,40,21,25.1,1,,,,,,,
6/18/2020,6.71,0.01,0,81,66,200,160,12.1,16.1,1,,,,,,,
6/19/2020,4.92,0.48,0,83,65,190,200,21.9,25.1,1,,1,,,,1,
6/20/2020,3.8,0,0,81,66,70,170,13,18.1,1,,,,,,,
6/21/2020,3.8,0,0,86,66,120,120,8.9,12.1,1,1,,,,,,
6/22/2020,5.59,0.25,0,91,68,170,150,25.1,32,1,,1,,,,,
6/23/2020,8.95,0,0,90,66,210,210,23,27.1,1,,,,,,,
6/24/2020,8.28,0,0,88,70,220,220,17,21.9,,,,,,,,
6/25/2020,6.26,1.15,0,84,65,330,10,32,42.1,1,,1,,,,,
6/26/2020,6.93,0,0,89,63,220,220,16.1,21,1,,,,,,,
6/27/2020,9.17,0,0,92,68,220,220,21,28,,,,,,,,
6/28/2020,6.71,0.19,0,90,73,260,260,25.1,32,,,,,,,,
6/29/2020,6.71,0,0,90,70,360,10,17,21.9,,,,,,,,
6/30/2020,3.8,0.26,0,89,68,160,170,28,33.1,,,,,,,,
7/1/2020,4.47,1.02,0,88,69,250,250,33.1,42.1,1,,1,,,,,
7/2/2020,5.14,0,0,89,66,340,350,13,17,1,,,,,,,
7/3/2020,5.37,0,0,94,71,310,340,14.1,17,,,,,,,,
7/4/2020,6.93,0,0,93,73,30,30,15,18.1,,,,,,,,
7/5/2020,6.26,0,0,89,71,100,100,16.1,19.9,1,,,,,,,
7/6/2020,7.61,0,0,93,71,180,200,17,21,,,,,,,,
7/7/2020,6.71,0.03,0,90,71,100,100,21,23,1,,,,,,,
7/8/2020,5.59,0,0,89,71,110,120,14.1,17,1,,,,,,,
7/9/2020,8.28,0.02,0,89,72,50,70,17,23.9,1,,,,,,,
7/10/2020,8.28,0,0,94,74,280,270,21.9,27.1,,,,,,,,
7/11/2020,9.4,0.01,0,94,72,260,260,17,23.9,,,,,,,,
7/12/2020,4.7,0,0,93,69,240,180,16.1,19.9,,,,,,,,
7/13/2020,4.7,0.05,0,90,70,140,150,12.1,13,1,,1,,,,,
7/14/2020,4.7,0,0,93,69,350,90,14.1,23,1,,,,,,,
7/15/2020,5.82,0,0,93,71,120,120,15,19,1,,,,,,1,
7/16/2020,7.61,0,0,91,71,130,130,17,23,,,,,,,,
7/17/2020,7.16,0.03,0,96,73,250,220,18.1,23.9,,,1,,,,,
7/18/2020,4.92,0,0,96,73,100,100,8.9,13,,,,,,,,
7/19/2020,6.49,0,0,101,75,220,220,23,29.1,,,,,,,,
7/20/2020,6.93,0,0,97,78,150,180,14.1,19,,,,,,,,
7/21/2020,7.38,0.35,0,100,73,240,230,32,40,1,,1,,,,,
7/22/2020,7.83,0.19,0,96,72,340,340,30,38.9,1,,1,,,,,
7/23/2020,8.05,0,0,94,74,180,180,23.9,28,,,,,,,,
7/24/2020,6.71,0.18,0,91,72,190,180,21.9,29.1,1,,1,,,,,
7/25/2020,4.25,0,0,91,71,130,140,8.9,12.1,1,1,,,,,,
7/26/2020,6.49,0,0,99,74,290,290,15,21,,,,,,,,
7/27/2020,7.83,0,0,97,76,190,210,18.1,21.9,,,,,,,,
7/28/2020,9.62,0,0,101,76,300,320,21,25.1,,,,,,,,
7/29/2020,7.16,0,0,93,74,140,150,14.1,19.9,,,,,,,,
7/30/2020,7.38,0.01,0,96,73,350,350,18.1,21,1,,,,,,,
7/31/2020,5.14,0.91,0,91,74,10,310,21,25.1,1,,1,,,,1,
8/1/2020,5.82,0.01,0,90,75,170,170,17,21,,,1,,,,,
8/2/2020,9.17,0,0,96,74,260,260,25.1,29.1,,,,,,,,
8/3/2020,6.26,1.59,0,90,72,220,230,30,38,1,1,1,,,,,
8/4/2020,13.87,3.61,0,88,68,320,310,36,51,1,,,,,,,
8/5/2020,5.59,1.7,0,89,70,350,350,33.1,48.1,1,,1,,,,1,
8/6/2020,5.59,2.57,0,90,71,120,110,23,25.9,1,,1,,,,,
8/7/2020,3.8,0,0,86,71,270,250,12.1,15,1,,,,,,,
8/8/2020,5.14,0.24,0,88,72,160,170,13,18.1,1,,,,,,,
8/9/2020,3.36,0,0,89,70,160,170,12.1,15,1,1,,,,,,
8/10/2020,5.37,0,0,90,73,190,190,17,23,1,,1,,,,,
8/11/2020,5.82,0,0,90,71,180,160,13,16.1,1,,,,,,,
8/12/2020,4.03,1.13,0,91,72,240,240,28,35.1,1,,1,,,,,
8/13/2020,6.26,0.26,0,88,73,120,120,23.9,31.1,1,,1,,,,,
8/14/2020,8.05,1.29,0,87,74,40,40,16.1,19.9,1,,,,,,,
8/15/2020,8.5,1.97,0,76,68,20,50,16.1,23,1,,,,,,,
8/16/2020,8.95,0.47,0,77,67,20,20,18.1,23.9,1,,,,,,1,
8/17/2020,3.58,0.24,0,84,64,180,190,13,17,1,,1,,,,,
8/18/2020,2.91,0,0,88,66,290,280,10.1,13,1,,,,,,,
8/19/2020,4.92,0,0,84,70,340,340,16.1,21,,,,,,,,
8/20/2020,5.59,0,0,86,67,60,70,15,17,,,,,,,,
8/21/2020,2.91,0,0,84,68,190,100,10.1,15,,,,,,,,
8/22/2020,3.58,0.18,0,82,71,180,170,8.9,13,1,,,,,,,
8/23/2020,6.93,0,0,89,72,220,230,15,19.9,1,,,,,,,
8/24/2020,9.17,0,0,87,75,220,210,15,23.9,,,,,,,,
8/25/2020,9.17,0,0,93,73,360,350,21,25.9,,,,,,,,
8/26/2020,8.28,0,0,89,72,350,350,16.1,19.9,,,,,,,,
8/27/2020,9.4,0,0,94,71,250,240,18.1,25.9,,,1,,,,,
8/28/2020,7.16,0,0,94,74,200,210,15,19,,,,,,,,
8/29/2020,11.63,0.02,0,88,78,220,230,25.1,32,,,,,,,,
8/30/2020,5.37,0,0,88,69,310,360,12.1,17,,,,,,,,
8/31/2020,5.82,0.06,0,80,67,110,120,15,19.9,1,,,,,,,
9/1/2020,3.58,0.97,0,80,69,90,90,10.1,12.1,1,,,,,,,
9/2/2020,7.38,0.01,0,90,74,200,170,15,19,1,,,,,,,
9/3/2020,7.61,0,0,93,72,220,220,18.1,23,,,,,,,,
9/4/2020,6.71,0.01,0,93,72,360,330,19.9,25.1,,,,,,,,
9/5/2020,8.05,0,0,83,61,10,60,19.9,23.9,,,,,,,,
9/6/2020,2.68,0,0,83,58,110,150,13,19,,,,,,,,
9/7/2020,2.68,0,0,84,57,100,120,12.1,14.1,,,,,,,,
9/8/2020,5.37,0,0,87,63,30,30,14.1,23,,,,,,,,
9/9/2020,7.61,0.25,0,77,73,40,40,13,14.1,1,,,,,,,
9/10/2020,4.7,0.08,0,89,74,50,290,10.1,14.1,1,,,,,,,
9/11/2020,7.61,0.13,0,87,73,30,30,16.1,21.9,1,,,,,,,
9/12/2020,7.38,0.01,0,79,63,100,90,16.1,19.9,1,,,,,,,
9/13/2020,4.03,0,0,85,62,170,20,8.1,14.1,,,,,,,,
9/14/2020,8.28,0,0,79,62,360,360,19.9,25.9,,,,,,,,
9/15/2020,6.71,0,0,71,55,10,10,15,19.9,,,,,,,,
9/16/2020,2.24,0,0,75,54,140,300,8.9,17,,,,,,,,
9/17/2020,4.47,2.86,0,69,66,60,60,13,15,1,,,,,,,
9/18/2020,11.86,0.15,0,77,61,20,20,21.9,27.1,1,,,,,,,
9/19/2020,10.29,0,0,65,50,10,20,17,23.9,,,,,,,,
9/20/2020,9.17,0,0,70,46,50,40,18.1,30,,,,,,,,
9/21/2020,9.4,0,0,69,47,60,50,18.1,23.9,,,,,,,,
9/22/2020,5.14,0,0,71,45,260,280,15,19,,,,,,,,
9/23/2020,3.8,0,0,79,49,240,20,13,14.1,,,,,,,,
9/24/2020,3.58,0,0,71,56,210,190,10.1,13,,,,,,,,
9/25/2020,5.82,0.69,0,69,61,270,320,14.1,18.1,1,,,,,,,
9/26/2020,5.82,0.08,0,70,61,320,330,12.1,15,1,,,,,,,
9/27/2020,3.58,0,0,75,66,330,330,8.9,11,1,,,,,,,
9/28/2020,8.05,0,0,83,63,180,170,17,21.9,,,,,,,,
9/29/2020,8.95,1.63,0,82,56,330,320,29.1,34,1,,,,,,,
9/30/2020,9.4,0.05,0,71,55,270,250,17,21.9,1,,,,,,,
10/1/2020,7.61,0,0,79,55,20,20,18.1,23.9,,,,,,,,
10/2/2020,6.04,0,0,71,51,20,30,16.1,21,,,,,,,,
10/3/2020,4.92,0,0,70,47,40,40,13,16.1,,,,,,,,
10/4/2020,3.36,0,0,70,45,40,50,12.1,16.1,,,,,,,,
10/5/2020,4.47,0,0,72,50,350,360,16.1,19,,,,,,,,
10/6/2020,5.82,0,0,76,47,210,220,17,21,,,,,,,,
10/7/2020,10.96,0,0,82,54,220,240,23,30,,,,,,,,
10/8/2020,7.38,0,0,77,52,320,320,14.1,23,,,,,,,,
10/9/2020,2.91,0,0,72,49,190,200,10.1,15,,,,,,,,
10/10/2020,6.04,0.45,0,67,61,250,250,14.1,17,1,,,,,,,
10/11/2020,6.71,1.16,0,69,65,100,110,17,25.1,1,1,,,,,,
10/12/2020,9.62,0.96,0,71,59,10,350,15,19,1,,,,,,,
10/13/2020,5.59,0,0,72,55,320,10,13,16.1,1,,,,,,,
10/14/2020,4.25,0,0,74,46,220,190,13,19,,,,,,,,
10/15/2020,8.5,0,0,77,51,180,180,21,23.9,,,,,,,,
10/16/2020,8.05,1.15,0,69,52,10,350,28,34,1,,,,,,,
10/17/2020,5.82,0,0,64,44,20,10,16.1,19.9,,,,,,,,
10/18/2020,3.36,0,0,68,41,110,100,10.1,16.1,,,,,,,,
10/19/2020,3.8,0,0,75,50,110,110,13,15,1,,,,,,,
10/20/2020,4.25,0,0,78,57,190,200,10.1,12.1,1,1,,,,,,
10/21/2020,3.58,0,0,81,64,220,200,10.1,14.1,1,1,,,,,1,
10/22/2020,2.46,0,0,81,58,150,150,13,17,1,,,,,,,
10/23/2020,3.36,0,0,78,57,110,140,12.1,14.1,1,1,,,,,,
10/24/2020,6.71,0.2,0,84,59,20,10,14.1,17,1,,,,,,,
10/25/2020,10.07,0.31,0,60,49,30,40,17,21,1,,,,,,,
10/26/2020,6.26,0,0,66,49,340,350,13,16.1,1,1,,,,,,
10/27/2020,3.58,0,0,63,55,200,160,8.1,10.1,1,1,,,,,,
10/28/2020,8.95,0,0,75,60,230,220,19.9,23.9,1,,,,,,,
10/29/2020,11.63,1,0,77,54,210,200,32,42.1,1,,,,,,,
10/30/2020,11.86,0.4,0,63,47,340,340,23,31.1,1,,,,,,,
10/31/2020,5.82,0,0,56,40,360,360,15,19.9,,,,,,,,
11/1/2020,10.29,0.56,0,62,42,300,300,25.9,36,1,,,,,,,
11/2/2020,13.2,0,0,53,37,310,320,29.1,40,,,,,,,,
11/3/2020,6.93,0,0,63,38,270,280,17,21.9,,,,,,,,
11/4/2020,3.36,0,0,68,38,180,170,13,16.1,,,,,,,,
11/5/2020,1.79,0,0,72,41,190,210,12.1,14.1,1,,,,,,,
11/6/2020,1.34,0,0,74,49,190,190,8.9,12.1,1,1,,,,,,
11/7/2020,1.79,0,0,77,47,180,110,6.9,8.9,1,1,,,,,,
11/8/2020,2.01,0,0,77,50,160,140,8.9,11,1,,,,,,,
11/9/2020,2.68,0,0,77,50,150,120,8.9,13,1,,,,,,,
11/10/2020,3.8,0,0,78,52,180,180,13,17,1,,,,,,,
11/11/2020,8.5,0.84,0,75,62,170,190,16.1,21.9,1,,,,,,,
11/12/2020,9.17,1.17,0,70,52,300,290,25.9,31.1,1,,,,,,,
11/13/2020,4.47,0,0,65,49,50,50,10.1,13,1,,,,,,1,
11/14/2020,1.79,0,0,62,40,220,190,10.1,13,1,,,,,,,
11/15/2020,14.54,0.09,0,74,45,190,170,31.1,40,1,,,,,,,
11/16/2020,8.05,0,0,62,39,300,290,23,29.1,,,,,,,,
11/17/2020,12.75,0,0,60,38,320,310,32,40.9,,,,,,,,
11/18/2020,5.37,0,0,48,28,330,310,19.9,25.1,,,,,,,1,
11/19/2020,6.04,0,0,54,27,180,180,16.1,19.9,,,,,,,,
11/20/2020,8.95,0,0,67,37,220,220,18.1,21,,,,,,,,
11/21/2020,2.91,0,0,73,40,80,40,10.1,12.1,,,,,,,1,
11/22/2020,5.59,0,0,67,50,130,140,14.1,17,,,,,,,,
11/23/2020,11.63,0.09,0,60,39,340,330,25.9,33.1,1,,,,,,,
11/24/2020,4.25,0,0,54,32,40,30,13,17,,,,,,,,
11/25/2020,7.16,0,0,61,37,170,170,17,23,,,,,,,,
11/26/2020,9.4,0.2,0,74,53,170,,15,,1,,,,,,,
11/27/2020,4.03,0,0,68,50,40,30,14.1,18.1,1,,,,,,,
11/28/2020,3.58,0,0,64,43,310,320,12.1,15,1,1,,,,,,
11/29/2020,5.14,0,0,61,36,210,200,15,18.1,,,,,,,,
11/30/2020,13.87,1.48,0,70,47,250,260,28,36.9,1,,,,,,,
12/1/2020,13.65,0,0,49,36,260,250,23.9,33.1,,,,,,,,
12/2/2020,8.5,0,0,51,31,270,250,16.1,21,,,,,,,,
12/3/2020,5.82,0,0,58,26,180,210,16.1,19.9,,,,,,,,
12/4/2020,7.83,0.56,0,59,42,220,210,18.1,23,1,,,,,,,
12/5/2020,11.41,2.02,0,56,40,20,20,36.9,45,1,,,,,,,
12/6/2020,4.25,0,0,50,30,310,320,16.1,23,,,,,,,,
12/7/2020,8.5,0.1,1,36,31,350,330,19.9,29.1,1,,,,,,,
12/8/2020,7.16,0,0,48,27,310,320,19.9,23.9,,,,,,,,
12/9/2020,5.82,0,0,49,24,260,220,17,21,,,,,,,,
12/10/2020,2.24,0,0,56,28,30,40,8.9,13,,,,,,,,
12/11/2020,5.14,0,0,64,35,200,180,15,18.1,1,,,,,,,
12/12/2020,7.83,0,0,64,47,210,210,19.9,23.9,1,1,,,,,,
12/13/2020,6.04,0.02,0,71,48,30,30,16.1,19.9,1,,,,,,,
12/14/2020,10.51,1.58,0,49,31,340,350,25.9,34,1,,,,,,,
12/15/2020,6.49,0,0,44,28,360,360,15,21,,,,,,,,
12/16/2020,10.96,1.01,0,37,28,270,270,23,25.9,1,,,,,,,
12/17/2020,6.93,0,0,45,29,310,310,16.1,19.9,1,,,,,,,
12/18/2020,6.71,0,0,42,31,360,10,16.1,19,,,,,,,,
12/19/2020,2.46,0,0,41,26,180,190,8.1,10.1,,,,,,,,
12/20/2020,4.92,0.24,0,42,31,150,150,13,17,1,,,,,,,
12/21/2020,6.04,0,0,48,37,230,290,8.9,12.1,1,,,,,,,
12/22/2020,10.51,0,0,54,30,310,310,29.1,38.9,,,,,,,,
12/23/2020,5.59,0,0,51,27,190,180,16.1,19,,,,,,,,
12/24/2020,13.2,1.09,0,65,42,230,240,29.1,38,1,,,,,,,
12/25/2020,15.66,0,0,59,26,240,230,28,34,,,,,,,,
12/26/2020,8.72,0,0,39,22,270,210,16.1,23,,,,,,,,
12/27/2020,3.13,0,0,45,22,170,170,10.1,13,,,,,,,,
12/28/2020,7.16,0,0,58,30,240,240,13,17,,,,,,,,
12/29/2020,7.83,0,0,48,27,350,340,19.9,25.9,,,,,,,,
12/30/2020,5.37,0.02,0,50,24,230,210,16.1,21,1,,,,,,,
12/31/2020,8.72,0.06,0,57,42,20,30,19.9,23.9,1,,,,,,,
1/1/2021,8.72,0.65,0,44,36,140,140,19.9,21,1,,,,,,1,
1/2/2021,6.93,0.01,0,66,37,290,240,14.1,19,1,,,,,,,
1/3/2021,8.28,0.91,0,50,39,60,60,16.1,19.9,1,,,,,,,
1/4/2021,5.82,0,0,47,34,360,20,16.1,21.9,1,,,,,,,
1/5/2021,4.7,0,0,50,38,360,350,16.1,21,,,,,,,,
1/6/2021,9.62,0,0,48,32,340,360,21.9,29.1,,,,,,,,
1/7/2021,4.7,0,0,48,26,340,340,16.1,21,,,,,,,,
1/8/2021,7.61,0,0,43,32,350,40,15,19,,,,1,,,,
1/9/2021,11.41,0,0,47,30,340,340,21,25.1,,,,,,,,
1/10/2021,4.92,0,0,52,27,360,10,19.9,25.1,,,,,,,1,
1/11/2021,2.91,0.02,0,46,26,240,230,8.9,12.1,,,,,,,,
1/12/2021,2.24,0,0,53,31,200,60,10.1,12.1,1,,,,,,,
1/13/2021,3.36,0,0,54,26,210,240,13,16.1,1,,,,,,,
1/14/2021,3.58,0,0,57,32,360,360,10.1,13,,,,,,,,
1/15/2021,6.49,0.17,0,55,29,180,180,17,23,1,1,,,,,1,
1/16/2021,8.05,0.02,0,46,33,290,300,18.1,23,1,,,,,,,
1/17/2021,9.84,0,0,50,29,260,250,18.1,23,,,,,,,,
1/18/2021,8.72,0,0,49,32,280,300,23.9,30,,,,,,,,
1/19/2021,8.05,0,0,57,26,250,240,21.9,29.1,,,,,,,1,
1/20/2021,8.95,0,0,51,27,310,290,29.1,36.9,,,,,,,,
1/21/2021,7.83,0,0,58,25,260,240,18.1,23,,,,,,,,
1/22/2021,9.17,0,0,55,30,280,280,21,25.9,,,,,,,,
1/23/2021,7.83,0,0,40,24,350,350,23,32,,,,,,,,
1/24/2021,3.8,0.01,0,43,19,210,210,16.1,21,,,,,,,,
1/25/2021,4.92,0.62,0,44,34,50,60,13,16.1,1,,,,,,,
1/26/2021,5.82,0.44,0,44,35,50,120,12.1,15,1,,,,,,,
1/27/2021,7.61,0,0,50,37,30,20,15,21,1,,,,,,,
1/28/2021,16.11,0.01,0.2,40,27,350,340,31.1,42.1,1,,,,,,,
1/29/2021,9.4,0,0,36,21,340,330,21.9,27.1,,,,,,,,
1/30/2021,3.58,0,0,40,17,350,350,14.1,17,,,,,,,,
1/31/2021,8.28,0.72,3,33,30,360,20,15,19.9,1,1,,,,,,
2/1/2021,14.32,0,0,33,30,360,350,21.9,28,1,,,,,1,,
2/2/2021,14.09,0.02,0.1,41,33,330,330,25.9,36.9,1,,,,,,,
2/3/2021,10.51,0,0,49,31,320,310,25.1,34,,,,,,,,
2/4/2021,6.49,0,0,54,25,190,200,14.1,16.1,,,,,,,,
2/5/2021,11.18,0.11,0,52,38,210,210,18.1,23,,,,,,,,
2/6/2021,7.61,0,0,56,30,260,250,16.1,23.9,,,,,,,,
2/7/2021,9.17,0.62,0.1,46,33,170,170,21,29.1,1,,,,,,,
2/8/2021,5.59,0,0,44,26,180,150,14.1,17,,,,,,,,
2/9/2021,4.92,0.23,0,58,30,40,40,18.1,23.9,1,,,,,,,
2/10/2021,5.82,0,0,44,34,80,40,13,16.1,,,,,,,,
2/11/2021,8.5,0.55,1.1,39,31,30,20,16.1,21.9,1,,,1,,1,,
2/12/2021,9.4,0.27,1.5,31,29,40,30,15,18.1,1,,,1,,1,,
2/13/2021,10.74,0.37,0,32,29,10,20,16.1,21.9,1,,,,,1,,
2/14/2021,9.4,0.27,0,34,30,10,350,16.1,21,1,,,,,1,,
2/15/2021,6.71,0.23,0,39,34,20,70,13,16.1,1,,,,,,,
2/16/2021,11.18,0.41,0,53,33,230,300,23.9,31.1,1,,,,,,,
2/17/2021,8.28,0,0,42,26,360,10,17,21,,,,,,,,
2/18/2021,10.07,0.67,0,33,30,320,10,17,21,1,,,1,,1,,
2/19/2021,8.5,0.24,0,38,30,360,350,15,19.9,1,,,,,1,,
2/20/2021,9.62,0,0,40,25,310,320,21.9,29.1,,,,,,,,
2/21/2021,4.7,0,0,41,19,20,20,14.1,17,,,,,,,,
2/22/2021,8.5,0.31,0,46,29,310,300,25.1,30,1,,,,,,,
2/23/2021,9.84,0,0,63,33,250,260,23.9,33.1,,,,,,,,
2/24/2021,8.5,0,0,68,31,210,200,23,28,,,,,,,,
2/25/2021,7.16,0,0,60,37,360,10,21.9,27.1,,,,,,,,
2/26/2021,6.49,0.25,0,47,32,90,140,14.1,19,1,,,,,,,
2/27/2021,6.49,0.3,0,53,40,220,220,15,19,1,,,,,,,
2/28/2021,3.58,0.27,0,51,48,120,120,13,16.1,1,1,,,,,,
3/1/2021,8.05,0.32,0,60,43,350,350,23.9,31.1,1,1,,,,,,
3/2/2021,6.93,0,0,47,31,10,10,19.9,23,,,,,,,,
3/3/2021,4.7,0,0,60,30,220,220,12.1,15,,,,,,,,
3/4/2021,10.07,0,0,62,35,360,10,25.1,30,,,,,,,,
3/5/2021,12.3,0,0,49,28,320,330,21.9,31.1,,,,,,,,
3/6/2021,7.16,0,0,53,24,280,280,21,29.1,,,,,,,,
3/7/2021,5.37,0,0,49,26,330,340,17,23.9,,,,,,,,
3/8/2021,2.91,0,0,58,25,290,290,13,16.1,,,,,,,,
3/9/2021,4.92,0,0,71,31,210,210,15,21,,,,,,,,
3/10/2021,6.26,0,0,76,37,180,100,17,23.9,,,,,,,,
3/11/2021,13.42,0,0,79,46,200,220,28,36,,,,,,,,
3/12/2021,8.95,0,0,74,53,270,270,18.1,23,,,,,,,,
3/13/2021,6.49,0,0,63,42,10,30,17,21,,,,,,,,
3/14/2021,8.72,0,0,66,31,350,360,25.9,32,,,,,,,,
3/15/2021,7.83,0.08,0,51,34,360,10,23.9,29.1,1,,,1,,,,
3/16/2021,5.82,0.11,0,43,34,350,360,8.9,12.1,1,,,1,,,,
3/17/2021,4.92,0,0,53,41,10,20,8.9,16.1,1,,,,,,,
3/18/2021,7.61,1.02,0,57,47,360,10,21.9,29.1,1,,1,,,,,
3/19/2021,14.32,0.22,0,51,34,30,20,30,40,1,,,,,,,
3/20/2021,7.61,0,0,55,29,50,30,17,27.1,,,,,,,,
3/21/2021,7.38,0,0,65,32,100,40,15,19,,,,,,,,
3/22/2021,10.07,0,0,67,38,40,70,15,25.1,,,,,,,,
3/23/2021,9.84,0.03,0,68,46,90,90,18.1,23.9,1,,,,,,1,
3/24/2021,6.71,1.04,0,60,51,270,,10.1,,1,,,,,,,
3/25/2021,8.28,0,0,75,50,170,180,19.9,27.1,1,,,,,,,
3/26/2021,15.88,0,0,86,58,260,240,23.9,38,,,,,,,,
3/27/2021,5.82,0.08,0,74,49,130,130,21,25.1,,,,,,,,
3/28/2021,14.54,0.16,0,79,53,230,230,35.1,42.1,1,,,,,,,
3/29/2021,8.5,0,0,64,45,310,300,21,35.1,,,,,,,,
3/30/2021,9.4,0,0,71,40,170,160,21.9,29.1,,,,,,,,
3/31/2021,8.95,0.83,0,73,58,310,290,23.9,31.1,1,,,,,,,
4/1/2021,16.78,0.18,0,60,37,350,350,33.1,38.9,1,,,,,,,
4/2/2021,13.65,0,0,48,31,350,330,25.1,33.1,,,,,,,,
4/3/2021,5.82,0,0,57,30,20,,13,,,,,,,,,
4/4/2021,7.38,0,0,76,35,300,290,23,31.1,,,,,,,,
4/5/2021,5.59,0,0,75,47,310,270,14.1,19.9,,,,,,,,
4/6/2021,4.47,0,0,81,48,120,140,13,17,,,,,,,,
4/7/2021,3.8,0,0,84,47,20,,10.1,,,,,,,,,
4/8/2021,11.86,0,0,74,54,110,110,23,25.9,,,,,,,,
4/9/2021,6.71,0.15,0,78,55,140,150,23.9,33.1,1,,1,,,,,
4/10/2021,6.04,0.03,0,77,53,140,,12.1,,1,,,,,,,
4/11/2021,10.29,0.06,0,80,57,210,210,25.1,38.9,,,,,,,,
4/12/2021,5.82,0,0,73,53,50,270,10.1,17,,,,,,,,
4/13/2021,7.16,0,0,70,50,20,20,14.1,19.9,,,,,,,,
4/14/2021,7.16,0.2,0,72,47,330,330,17,21,1,,,,,,,
4/15/2021,8.5,0.03,0,69,49,330,330,23,29.1,1,,,,,,,
4/16/2021,8.95,0,0,67,37,280,20,21,27.1,,,,,,,,
4/17/2021,5.14,0,0,69,38,310,320,15,19.9,,,,,,,,
4/18/2021,3.36,0,0,69,45,110,110,14.1,16.1,,,,,,,,
4/19/2021,4.7,0.16,0,60,46,360,10,18.1,25.9,1,,,,,,,
4/20/2021,8.28,0,0,76,43,190,190,21.9,25.9,1,,,,,,,
4/21/2021,16.33,0.02,0,75,42,290,330,30,36.9,,,,,,,,
4/22/2021,11.18,0,0,58,36,270,270,25.1,33.1,,,,,,,,
4/23/2021,7.38,0,0,65,36,240,230,16.1,19.9,,,,,,,,
4/24/2021,5.82,0.49,0,64,36,90,120,15,21,1,,,,,,,
4/25/2021,8.95,0.02,0,70,47,320,320,23.9,31.1,1,,,,,,,
4/26/2021,4.7,0,0,73,45,320,20,14.1,17,,,,,,,,
4/27/2021,10.96,0,0,86,48,210,190,21.9,27.1,,,,,,,,
4/28/2021,12.3,0,0,88,61,220,240,23,30,,,,,,,,
4/29/2021,14.32,0,0,87,69,220,210,29.1,35.1,,,,,,,,
4/30/2021,18.12,0,0,78,54,310,290,31.1,42.1,,,,,,,,
5/1/2021,9.62,0,0,72,44,360,320,21.9,27.1,,,,,,,,
5/2/2021,11.18,0,0,85,49,220,210,23,28,,,,,,,,
5/3/2021,11.63,0.18,0,81,66,210,200,25.9,35.1,1,,1,,,,,
5/4/2021,9.62,0.21,0,90,64,300,300,29.1,40,1,,1,,,,,
5/5/2021,12.53,0.02,0,86,59,10,270,23.9,32,1,,,,,,,
5/6/2021,7.16,0,0,68,48,360,350,19.9,25.1,,,,,,,,
5/7/2021,5.37,0.15,0,66,43,280,300,23,28,1,,,,,,,
5/8/2021,9.4,0,0,71,42,270,300,21.9,28,1,,,,,,,
5/9/2021,10.74,0,0,78,42,210,200,23,29.1,,,,,,,,
5/10/2021,7.61,0.04,0,71,50,30,230,19.9,23.9,1,,,,,,,
5/11/2021,6.26,0,0,73,46,20,20,15,19,,,,,,,,
5/12/2021,6.93,0,0,64,44,360,10,18.1,23.9,,,,,,,,
5/13/2021,6.26,0,0,73,43,10,10,17,21.9,,,,,,,,
5/14/2021,2.91,0,0,74,42,40,70,16.1,19.9,,,,,,,,
5/15/2021,4.7,0,0,79,44,30,,10.1,,,,,,,,,
5/16/2021,4.03,0,0,74,46,210,150,10.1,13,,,,,,,,
5/17/2021,3.58,0,0,77,50,120,120,14.1,18.1,,,,,,,,
5/18/2021,3.36,0,0,80,48,130,130,14.1,16.1,,,,,,,,
5/19/2021,3.8,0,0,85,50,210,220,12.1,14.1,,,,,,,,
5/20/2021,4.7,0,0,91,55,110,120,21,25.1,,,,,,,,
5/21/2021,5.37,0,0,83,53,90,90,14.1,17,,,,,,,,
5/22/2021,4.92,0,0,91,55,250,300,13,19.9,,,,,,,,
5/23/2021,6.93,0,0,93,69,250,260,19.9,23,,,,,,,,
5/24/2021,10.51,0,0,80,62,90,50,17,23,,,,,,,,
5/25/2021,5.59,0,0,81,62,150,150,13,18.1,,,,,,,,
5/26/2021,8.95,0,0,95,68,250,250,21.9,25.9,1,,,,,,,
5/27/2021,5.82,0,0,91,69,320,30,14.1,18.1,,,,,,,,
5/28/2021,8.05,0.28,0,94,66,270,270,30,36.9,1,,,,,,,
5/29/2021,11.63,0.81,0,71,53,10,360,21.9,29.1,1,,,,,,,
5/30/2021,10.07,0.64,0,60,51,10,10,18.1,23,1,,,,,,,
5/31/2021,4.92,0,0,76,50,310,340,13,17,,,,,,,,
6/1/2021,6.71,0,0,79,54,160,140,13,15,,,,,,,,
6/2/2021,7.38,0.02,0,82,59,140,150,18.1,23,1,,,,,,,
6/3/2021,10.51,0.02,0,82,67,200,190,21.9,28,1,,,,,,,
6/4/2021,6.49,0.43,0,85,69,360,350,23,29.1,1,,,,,,,
6/5/2021,4.92,0,0,90,65,190,190,14.1,18.1,1,,,,,,,
6/6/2021,6.49,0,0,94,68,180,200,15,18.1,,,,,,,,
6/7/2021,8.95,0,0,91,71,220,230,17,21,,,,,,,,
6/8/2021,9.4,0,0,91,73,200,200,16.1,19.9,,,,,,,,
6/9/2021,5.37,1.36,0,90,71,260,260,18.1,23,1,,1,,,,,
6/10/2021,5.59,0.31,0,87,71,120,120,17,19,1,,1,,,,,
6/11/2021,6.71,1.14,0,83,70,30,330,16.1,19.9,1,,1,,,,,
6/12/2021,7.16,0.08,0,72,66,360,290,16.1,21,1,,,,,,,
6/13/2021,4.47,0,0,84,64,140,140,14.1,17,,,,,,,,
6/14/2021,6.93,0,0,90,63,220,200,14.1,17,,,,,,,,
6/15/2021,8.72,0,0,84,66,300,360,19.9,23.9,,,1,,,,,
6/16/2021,5.82,0,0,81,64,340,330,16.1,21,,,,,,,,
6/17/2021,6.71,0,0,80,58,340,330,15,21.9,,,,,,,,
6/18/2021,8.28,0,0,88,55,230,260,19.9,23.9,,,,,,,,
6/19/2021,8.5,0,0,93,69,240,280,16.1,21.9,,,,,,,,
6/20/2021,11.18,0,0,88,75,210,200,19.9,29.1,,,,,,,,
6/21/2021,9.62,0,0,96,74,200,220,19.9,23,,,,,,,,
6/22/2021,7.61,0.64,0,82,61,10,10,18.1,25.1,1,,1,,,,,
6/23/2021,6.04,0,0,77,59,10,40,14.1,18.1,,,,,,,,
6/24/2021,5.37,0,0,79,55,90,40,15,19.9,,,,,,,,
6/25/2021,4.7,0,0,82,57,150,150,16.1,21.9,,,,,,,,
6/26/2021,7.61,0.02,0,87,70,200,200,19.9,23,1,,,,,,,
6/27/2021,7.38,0,0,90,72,170,140,15,19,,,,,,,,
6/28/2021,7.16,0,0,90,71,150,160,15,25.9,,,,,,,,
6/29/2021,7.83,0,0,93,72,210,230,16.1,23,,,,,,,,
6/30/2021,10.51,0,0,96,72,230,210,17,23,,,,,,,,
7/1/2021,8.72,1.04,0,96,71,250,250,44.1,53,1,,1,,,,,
