DATE,HIGH,LOW,WIND,RAIN,SNOW
7/1/2017,92,75,11.18,0,0
7/2/2017,89,72,4.92,0.15,0
7/3/2017,93,71,4.25,0,0
7/4/2017,91,71,3.58,0.01,0
7/5/2017,90,72,4.92,0.49,0
7/6/2017,89,73,7.16,0.03,0
7/7/2017,90,72,9.62,0,0
7/8/2017,92,71,9.84,0,0
7/9/2017,87,67,5.82,0,0
7/10/2017,92,67,7.38,0,0
7/11/2017,96,71,8.5,0,0
7/12/2017,98,76,8.5,0,0
7/13/2017,99,77,10.07,0,0
7/14/2017,98,74,9.62,0,0
7/15/2017,94,73,6.49,0,0
7/16/2017,91,72,7.16,0,0
7/17/2017,90,69,6.04,0,0
7/18/2017,91,72,5.37,0,0
7/19/2017,95,68,4.7,0,0
7/20/2017,98,73,6.71,0,0
7/21/2017,99,75,5.37,0,0
7/22/2017,101,74,7.83,0,0
7/23/2017,97,74,8.5,0.82,0
7/24/2017,94,72,7.83,0.01,0
7/25/2017,87,70,8.95,0,0
7/26/2017,89,68,5.14,0,0
7/27/2017,90,69,10.07,0,0
7/28/2017,88,73,6.49,0.22,0
7/29/2017,73,66,12.3,0.52,0
7/30/2017,83,60,8.5,0,0
7/31/2017,87,59,3.58,0,0
8/1/2017,90,62,4.47,0,0
8/2/2017,90,69,5.82,0,0
8/3/2017,93,69,6.71,0,0
8/4/2017,91,68,7.61,0,0
8/5/2017,88,64,7.83,0,0
8/6/2017,89,59,5.14,0,0
8/7/2017,87,71,9.62,0.81,0
8/8/2017,80,65,6.71,0.84,0
8/9/2017,84,63,5.37,0,0
8/10/2017,85,62,4.7,0,0
8/11/2017,85,65,6.93,0.03,0
8/12/2017,87,73,5.82,0.3,0
8/13/2017,82,70,5.14,0.19,0
8/14/2017,84,67,4.25,0,0
8/15/2017,84,74,4.47,0.33,0
8/16/2017,91,73,4.25,0,0
8/17/2017,86,73,6.71,0,0
8/18/2017,92,74,9.84,2.15,0
8/19/2017,89,74,4.03,0,0
8/20/2017,89,71,5.37,0,0
8/21/2017,89,71,5.59,0,0
8/22/2017,91,73,8.95,0,0
8/23/2017,86,68,6.71,0.14,0
8/24/2017,83,67,5.82,0,0
8/25/2017,83,63,4.92,0,0
8/26/2017,83,63,6.71,0,0
8/27/2017,81,61,7.38,0,0
8/28/2017,81,60,10.96,0,0
8/29/2017,69,63,14.54,1.15,0
8/30/2017,81,63,6.04,0,0
8/31/2017,87,65,3.58,0,0
9/1/2017,76,53,9.4,0.83,0
9/2/2017,67,57,5.82,0.41,0
9/3/2017,80,62,7.16,0.06,0
9/4/2017,83,56,6.49,0,0
9/5/2017,86,64,8.72,0,0
9/6/2017,74,61,7.61,0.07,0
9/7/2017,76,54,7.38,0,0
9/8/2017,78,51,2.91,0,0
9/9/2017,74,55,8.5,0,0
9/10/2017,71,51,8.5,0,0
9/11/2017,72,53,8.05,0.02,0
9/12/2017,79,60,8.28,0.03,0
9/13/2017,84,65,6.49,0.06,0
9/14/2017,83,65,6.71,0,0
9/15/2017,85,67,3.36,0,0
9/16/2017,86,65,2.91,0,0
9/17/2017,85,64,4.47,0,0
9/18/2017,81,66,9.4,0,0
9/19/2017,84,67,11.41,0,0
9/20/2017,89,66,5.82,0,0
9/21/2017,90,65,4.92,0,0
9/22/2017,84,62,4.25,0,0
9/23/2017,87,61,4.7,0,0
9/24/2017,90,62,5.37,0,0
9/25/2017,88,64,8.05,0,0
9/26/2017,78,69,11.41,0,0
9/27/2017,90,72,12.97,0,0
9/28/2017,88,62,10.51,0,0
9/29/2017,78,55,5.82,0,0
9/30/2017,72,51,11.18,0,0
10/1/2017,72,48,6.49,0,0
10/2/2017,74,47,2.91,0,0
10/3/2017,77,49,3.58,0,0
10/4/2017,78,49,2.91,0,0
10/5/2017,84,55,6.26,0,0
10/6/2017,85,59,6.49,0,0
10/7/2017,83,60,7.61,0,0
10/8/2017,85,73,10.51,0.01,0
10/9/2017,84,73,12.08,0.05,0
10/10/2017,86,72,3.8,0.32,0
10/11/2017,81,72,3.8,1.91,0
10/12/2017,73,61,10.51,0.13,0
10/13/2017,69,61,9.62,0.01,0
10/14/2017,67,63,6.26,0,0
10/15/2017,82,63,9.84,0,0
10/16/2017,72,47,9.62,0.21,0
10/17/2017,64,42,6.71,0,0
10/18/2017,69,39,1.34,0,0
10/19/2017,75,43,3.36,0,0
10/20/2017,80,44,3.13,0,0
10/21/2017,78,50,2.46,0,0
10/22/2017,77,50,3.36,0,0
10/23/2017,78,55,10.07,0.11,0
10/24/2017,74,56,9.84,0.36,0
10/25/2017,66,49,6.71,0,0
10/26/2017,62,39,7.61,0,0
10/27/2017,70,37,6.71,0,0
10/28/2017,73,46,8.72,0,0
10/29/2017,66,45,9.4,1.84,0
10/30/2017,59,43,11.18,0,0
10/31/2017,68,40,3.8,0,0
11/1/2017,71,45,4.92,0,0
11/2/2017,77,57,4.47,0,0
11/3/2017,82,54,5.59,0.23,0
11/4/2017,64,52,8.28,0,0
11/5/2017,64,51,4.03,0.12,0
11/6/2017,76,56,8.5,0,0
11/7/2017,61,42,10.74,0.17,0
11/8/2017,46,41,10.96,0.07,0
11/9/2017,55,45,6.71,0.11,0
11/10/2017,52,30,12.53,0,0
11/11/2017,42,26,4.47,0,0
11/12/2017,48,28,1.57,0.02,0
11/13/2017,48,39,6.26,0.65,0
11/14/2017,51,35,7.83,0,0
11/15/2017,56,33,4.47,0,0
11/16/2017,65,41,9.4,0,0
11/17/2017,55,32,5.14,0,0
11/18/2017,62,32,12.97,0,0
11/19/2017,66,39,16.55,0.01,0
11/20/2017,54,33,5.59,0,0
11/21/2017,62,34,7.83,0.01,0
11/22/2017,63,36,10.07,0.04,0
11/23/2017,45,28,3.36,0,0
11/24/2017,56,26,1.57,0,0
11/25/2017,69,29,6.93,0,0
11/26/2017,59,34,4.25,0,0
11/27/2017,62,29,2.68,0,0
11/28/2017,63,32,3.58,0,0
11/29/2017,71,35,4.7,0,0
11/30/2017,65,39,4.92,0,0
12/1/2017,60,36,6.26,0,0
12/2/2017,53,30,1.12,0,0
12/3/2017,60,37,2.01,0,0
12/4/2017,58,32,3.36,0,0
12/5/2017,65,39,6.04,0.07,0
12/6/2017,61,42,7.16,0.02,0
12/7/2017,50,37,6.04,0,0
12/8/2017,43,32,4.47,0.65,2.4
12/9/2017,33,32,7.16,0.27,0.7
12/10/2017,40,29,8.5,0,0
12/11/2017,50,33,6.93,0,0
12/12/2017,52,28,12.75,0.01,0
12/13/2017,37,20,10.96,0,0
12/14/2017,50,29,9.4,0,0
12/15/2017,35,23,5.82,0,0
12/16/2017,49,22,6.93,0,0
12/17/2017,50,25,2.46,0.01,0
12/18/2017,64,35,5.37,0,0
12/19/2017,65,34,6.26,0,0
12/20/2017,57,36,6.26,0,0
12/21/2017,50,31,4.03,0,0
12/22/2017,61,32,5.14,0,0
12/23/2017,71,51,14.76,0.02,0
12/24/2017,51,41,8.05,0,0
12/25/2017,44,33,12.75,0,0
12/26/2017,40,27,4.25,0,0
12/27/2017,40,21,8.05,0,0
12/28/2017,27,14,8.72,0,0
12/29/2017,39,17,4.92,0,0
12/30/2017,39,23,7.38,0,0
12/31/2017,27,16,13.65,0,0
1/1/2018,27,11,7.83,0,0
1/2/2018,29,10,6.04,0,0
1/3/2018,34,8,4.25,0.04,0.6
1/4/2018,30,18,18.57,0.16,2.4
1/5/2018,25,12,12.97,0,0
1/6/2018,23,2,9.4,0,0
1/7/2018,23,-3,3.36,0,0
1/8/2018,46,15,9.84,0.09,0
1/9/2018,56,27,4.25,0,0
1/10/2018,45,26,2.91,0,0
1/11/2018,69,36,6.26,0.04,0
1/12/2018,70,59,12.97,1,0
1/13/2018,58,23,15.88,0.01,0
1/14/2018,30,17,10.96,0,0
1/15/2018,37,18,7.16,0,0
1/16/2018,44,26,2.24,0,0
1/17/2018,35,22,11.63,0.1,2
1/18/2018,43,13,8.72,0,0
1/19/2018,56,22,5.37,0,0
1/20/2018,61,27,8.05,0,0
1/21/2018,67,28,5.59,0,0
1/22/2018,66,46,8.28,0,0
1/23/2018,73,47,15.43,0.48,0
1/24/2018,55,38,8.95,0,0
1/25/2018,47,26,3.8,0,0
1/26/2018,55,24,5.82,0,0
1/27/2018,66,30,10.96,0,0
1/28/2018,58,50,7.61,0.81,0
1/29/2018,50,37,10.74,0.6,0
1/30/2018,39,23,12.75,0.08,0.3
1/31/2018,40,20,7.16,0,0
2/1/2018,60,30,11.18,0,0
2/2/2018,55,19,13.2,0.11,0
2/3/2018,37,14,5.82,0,0
2/4/2018,43,30,5.82,0.52,0
2/5/2018,44,27,8.05,0,0
2/6/2018,55,26,6.49,0,0
2/7/2018,57,34,6.26,0.1,0
2/8/2018,42,28,8.5,0,0
2/9/2018,52,26,6.26,0,0
2/10/2018,54,35,1.79,0.31,0
2/11/2018,73,52,13.42,0.15,0
2/12/2018,67,36,10.51,0.26,0
2/13/2018,40,34,6.26,0,0
2/14/2018,58,37,8.72,0,0
2/15/2018,74,53,13.2,0.02,0
2/16/2018,67,43,10.74,0.07,0
2/17/2018,44,34,6.93,0.27,0
2/18/2018,56,33,5.37,0,0
2/19/2018,51,36,4.03,0.2,0
2/20/2018,76,51,9.62,0,0
2/21/2018,80,61,11.86,0,0
2/22/2018,75,46,8.72,0,0
2/23/2018,51,42,5.37,0,0
2/24/2018,76,46,8.72,0,0
2/25/2018,71,53,6.04,0,0
2/26/2018,58,37,5.37,0.03,0
2/27/2018,60,34,5.59,0,0
2/28/2018,64,41,10.74,0,0
3/1/2018,55,49,5.37,0.18,0
3/2/2018,56,42,28.86,0,0
3/3/2018,55,37,20.8,0,0
3/4/2018,55,35,14.99,0,0
3/5/2018,50,29,10.74,0,0
3/6/2018,47,27,4.92,0.51,0
3/7/2018,54,38,12.08,0.03,0
3/8/2018,47,25,8.5,0,0
3/9/2018,48,29,10.29,0,0
3/10/2018,49,27,2.68,0,0
3/11/2018,47,37,6.04,0,0
3/12/2018,40,33,12.75,0.49,2
3/13/2018,49,30,12.97,0,0
3/14/2018,45,29,13.2,0,0
3/15/2018,60,28,11.41,0,0
3/16/2018,54,29,7.61,0,0
3/17/2018,53,24,3.58,0.01,0
3/18/2018,60,39,5.82,0,0
3/19/2018,64,36,5.82,0,0
3/20/2018,46,34,13.87,0.7,0
3/21/2018,35,32,10.96,0.39,2
3/22/2018,52,34,12.53,0,0
3/23/2018,54,31,10.51,0,0
3/24/2018,52,32,8.05,0,0
3/25/2018,52,32,10.51,0,0
3/26/2018,51,29,9.4,0,0
3/27/2018,46,30,4.03,0.02,0
3/28/2018,74,38,5.82,0,0
3/29/2018,83,53,11.18,0,0
3/30/2018,76,47,15.88,0,0
3/31/2018,62,34,7.83,0,0
4/1/2018,71,44,7.38,0,0
4/2/2018,60,45,10.74,0,0
4/3/2018,64,42,7.16,0,0
4/4/2018,79,44,19.46,0,0
4/5/2018,58,33,6.04,0,0
4/6/2018,73,38,16.55,0.01,0
4/7/2018,59,33,11.41,0.3,0
4/8/2018,53,33,9.62,0,0
4/9/2018,52,38,7.61,0.1,0
4/10/2018,59,39,7.38,0,0
4/11/2018,61,36,5.14,0,0
4/12/2018,77,41,15.88,0,0
4/13/2018,84,55,15.88,0,0
4/14/2018,83,61,14.76,0,0
4/15/2018,79,64,12.53,0.02,0
4/16/2018,72,36,15.66,1.53,0
4/17/2018,55,38,11.63,0,0
4/18/2018,74,38,6.71,0,0
4/19/2018,70,42,12.53,0.02,0
4/20/2018,64,35,9.84,0,0
4/21/2018,65,38,4.25,0,0
4/22/2018,69,42,7.61,0,0
4/23/2018,70,44,10.51,0,0
4/24/2018,59,53,10.96,1.02,0
4/25/2018,67,56,5.14,0.07,0
4/26/2018,74,53,5.82,0,0
4/27/2018,72,54,5.59,0.5,0
4/28/2018,79,51,9.4,0.01,0
4/29/2018,65,40,12.75,0,0
4/30/2018,73,36,7.16,0,0
5/1/2018,84,42,2.91,0,0
5/2/2018,91,52,8.95,0,0
5/3/2018,90,60,11.41,0,0
5/4/2018,89,62,11.86,0,0
5/5/2018,76,60,6.71,0,0
5/6/2018,79,56,6.04,0,0
5/7/2018,73,54,7.61,0,0
5/8/2018,77,51,8.28,0,0
5/9/2018,80,51,6.71,0,0
5/10/2018,87,56,9.62,0.36,0
5/11/2018,88,57,5.14,0,0
5/12/2018,93,66,8.5,0,0
5/13/2018,87,64,7.61,0,0
5/14/2018,91,63,5.59,0.23,0
5/15/2018,90,64,11.86,0,0
5/16/2018,81,69,5.82,1.04,0
5/17/2018,78,68,6.49,2.67,0
5/18/2018,81,64,9.17,3.86,0
5/19/2018,77,65,10.07,0.68,0
5/20/2018,88,71,10.29,0,0
5/21/2018,81,66,6.71,0,0
5/22/2018,85,65,6.71,1.38,0
5/23/2018,86,68,7.61,0.03,0
5/24/2018,85,62,5.59,0,0
5/25/2018,85,63,6.93,0,0
5/26/2018,88,68,11.41,0.02,0
5/27/2018,87,71,9.84,0,0
5/28/2018,84,69,5.14,0.01,0
5/29/2018,82,68,3.8,0,0
5/30/2018,83,72,6.93,0.07,0
5/31/2018,87,72,7.61,0,0
6/1/2018,93,71,6.04,0,0
6/2/2018,87,70,5.82,1.49,0
6/3/2018,79,59,12.08,1.25,0
6/4/2018,83,58,7.38,0,0
6/5/2018,83,60,5.82,0,0
6/6/2018,80,62,6.49,0.05,0
6/7/2018,82,61,4.92,0,0
6/8/2018,87,60,4.47,0,0
6/9/2018,89,69,7.61,0.11,0
6/10/2018,87,66,5.59,0.44,0
6/11/2018,70,63,7.61,0.22,0
6/12/2018,74,60,5.14,0,0
6/13/2018,86,66,9.4,0,0
6/14/2018,86,68,6.49,0,0
6/15/2018,86,63,4.92,0,0
6/16/2018,89,62,2.68,0,0
6/17/2018,91,70,3.8,0,0
6/18/2018,94,72,4.25,0,0
6/19/2018,98,74,7.38,1.25,0
6/20/2018,89,71,5.14,0.45,0
6/21/2018,89,70,5.82,0.21,0
6/22/2018,86,72,9.4,7.61,0
6/23/2018,88,70,5.82,0,0
6/24/2018,91,72,6.04,0.24,0
6/25/2018,86,70,5.82,0,0
6/26/2018,79,67,6.71,0,0
6/27/2018,86,66,6.93,0,0
6/28/2018,91,73,5.82,0,0
6/29/2018,91,72,4.7,0,0
6/30/2018,93,69,4.03,0,0
7/1/2018,95,71,3.13,0,0
7/2/2018,96,74,4.47,0,0
7/3/2018,95,75,4.47,0,0
7/4/2018,93,72,5.37,0,0
7/5/2018,93,73,4.47,0,0
7/6/2018,93,73,8.5,0.91,0
7/7/2018,80,62,10.51,0,0
7/8/2018,82,57,8.5,0,0
7/9/2018,85,58,4.92,0,0
7/10/2018,92,63,4.7,0,0
7/11/2018,92,72,5.59,0.72,0
7/12/2018,89,70,6.26,0,0
7/13/2018,85,65,6.71,0,0
7/14/2018,86,61,2.68,0,0
7/15/2018,91,67,6.26,0,0
7/16/2018,93,74,7.61,0,0
7/17/2018,92,73,8.72,0.19,0
7/18/2018,86,68,7.38,0,0
7/19/2018,89,66,6.71,0,0
7/20/2018,86,67,6.71,0,0
7/21/2018,73,67,11.18,1.28,0
7/22/2018,84,65,6.04,0.45,0
7/23/2018,82,71,8.72,0.2,0
7/24/2018,80,73,9.62,0.34,0
7/25/2018,83,71,7.61,0.18,0
7/26/2018,88,68,4.7,0,0
7/27/2018,90,72,5.14,0.2,0
7/28/2018,87,71,5.37,0.15,0
7/29/2018,86,69,6.49,0,0
7/30/2018,76,72,5.37,0.62,0
7/31/2018,86,72,5.37,0.44,0
8/1/2018,89,75,11.41,0,0
8/2/2018,89,72,9.4,0.09,0
8/3/2018,83,72,9.4,0.02,0
8/4/2018,89,73,5.59,0,0
8/5/2018,91,71,3.8,0.01,0
8/6/2018,89,70,3.13,0.37,0
8/7/2018,92,72,5.82,0,0
8/8/2018,95,72,6.93,0,0
8/9/2018,91,73,4.7,0.09,0
8/10/2018,91,73,3.13,0,0
8/11/2018,91,72,4.47,0,0
8/12/2018,89,69,4.92,0.47,0
8/13/2018,85,66,5.82,0.34,0
8/14/2018,87,63,4.92,0.04,0
8/15/2018,89,68,2.91,0,0
8/16/2018,92,69,4.03,0,0
8/17/2018,93,74,7.38,0,0
8/18/2018,90,72,8.5,0.04,0
8/19/2018,87,73,5.14,0.08,0
8/20/2018,86,73,7.61,0.13,0
8/21/2018,88,74,7.83,0.48,0
8/22/2018,88,69,7.61,0.8,0
8/23/2018,80,61,7.83,0,0
8/24/2018,83,58,3.58,0,0
8/25/2018,82,60,2.91,0,0
8/26/2018,88,61,5.59,0,0
8/27/2018,92,70,3.13,0,0
8/28/2018,94,73,6.71,0.01,0
8/29/2018,96,74,7.83,0,0
8/30/2018,94,72,6.26,0.35,0
8/31/2018,89,71,4.47,0.03,0
9/1/2018,88,70,4.47,1.02,0
9/2/2018,91,70,2.68,0,0
9/3/2018,94,73,2.68,0,0
9/4/2018,92,75,3.13,0,0
9/5/2018,92,73,2.91,0,0
9/6/2018,93,72,2.91,0,0
9/7/2018,92,73,2.68,0.11,0
9/8/2018,84,69,8.05,0,0
9/9/2018,73,67,8.72,0.19,0
9/10/2018,86,68,6.71,0,0
9/11/2018,89,72,4.7,0.06,0
9/12/2018,88,72,6.04,0.26,0
9/13/2018,83,73,12.3,0.28,0
9/14/2018,80,74,12.75,0.09,0
9/15/2018,82,72,12.3,0.16,0
9/16/2018,83,72,10.51,0.24,0
9/17/2018,83,74,10.96,0.38,0
9/18/2018,83,71,9.4,0.16,0
9/19/2018,88,68,6.93,0,0
9/20/2018,84,66,5.59,0,0
9/21/2018,82,66,6.71,0.01,0
9/22/2018,85,67,8.72,0,0
9/23/2018,67,62,7.83,0.91,0
9/24/2018,71,64,8.5,0.04,0
9/25/2018,86,71,5.14,0,0
9/26/2018,89,73,6.71,0.24,0
9/27/2018,73,63,7.16,0.22,0
9/28/2018,79,60,4.47,0.16,0
9/29/2018,80,57,2.24,0,0
9/30/2018,79,59,4.25,0,0
10/1/2018,84,60,4.7,0,0
10/2/2018,84,64,8.28,0,0
10/3/2018,90,65,4.03,0,0
10/4/2018,92,66,4.7,0,0
10/5/2018,78,66,6.93,0,0
10/6/2018,83,65,3.58,0,0
10/7/2018,87,68,3.36,0,0
10/8/2018,85,69,5.14,0,0
10/9/2018,85,70,5.82,0,0
10/10/2018,84,68,4.92,0,0
10/11/2018,83,68,13.65,3.69,0
10/12/2018,70,52,8.5,0,0
10/13/2018,67,47,6.49,0,0
10/14/2018,64,47,3.58,0,0
10/15/2018,82,60,10.74,0,0
10/16/2018,73,57,6.71,0.04,0
10/17/2018,72,50,6.71,0.1,0
10/18/2018,62,42,7.16,0,0
10/19/2018,66,38,6.71,0,0
10/20/2018,67,55,9.84,0.08,0
10/21/2018,58,38,13.87,0,0
10/22/2018,59,33,5.14,0,0
10/23/2018,72,40,8.5,0,0
10/24/2018,61,41,10.07,0,0
10/25/2018,55,36,4.25,0,0
10/26/2018,54,42,7.61,1.88,0
10/27/2018,62,50,9.62,0.24,0
10/28/2018,64,47,11.41,0.01,0
10/29/2018,66,43,8.72,0,0
10/30/2018,65,39,4.92,0,0
10/31/2018,72,44,9.4,0,0
11/1/2018,74,55,12.75,0,0
11/2/2018,72,64,12.97,0.05,0
11/3/2018,64,42,8.5,0.09,0
11/4/2018,63,37,6.26,0,0
11/5/2018,62,53,6.71,1.22,0
11/6/2018,72,54,8.72,0.21,0
11/7/2018,71,47,2.24,0,0
11/8/2018,63,51,8.28,0,0
11/9/2018,53,48,6.93,0.44,0
11/10/2018,52,32,10.29,0,0
11/11/2018,50,29,3.58,0,0
11/12/2018,51,32,3.36,0.76,0
11/13/2018,57,44,6.93,0.39,0
11/14/2018,46,39,8.05,0,0
11/15/2018,46,36,13.87,1.02,0
11/16/2018,53,35,9.84,0,0
11/17/2018,54,31,1.12,0,0
11/18/2018,55,32,2.24,0,0
11/19/2018,60,35,4.92,0,0
11/20/2018,65,37,8.05,0,0
11/21/2018,55,29,5.82,0,0
11/22/2018,43,32,8.05,0,0
11/23/2018,37,27,4.92,0,0
11/24/2018,52,33,6.71,1.37,0
11/25/2018,62,34,5.82,0,0
11/26/2018,57,41,10.07,0.1,0
11/27/2018,49,33,9.84,0,0
11/28/2018,44,30,10.96,0,0
11/29/2018,46,26,4.92,0,0
11/30/2018,52,36,4.92,0,0
12/1/2018,50,41,5.37,0.09,0
12/2/2018,65,46,5.59,0.07,0
12/3/2018,64,38,8.28,0,0
12/4/2018,48,36,7.38,0,0
12/5/2018,40,28,3.36,0.03,0
12/6/2018,45,22,4.92,0,0
12/7/2018,48,28,5.14,0,0
12/8/2018,43,27,4.92,0,0
12/9/2018,33,30,12.3,1.04,11.5
12/10/2018,36,24,9.4,0,0
12/11/2018,42,23,5.59,0,0
12/12/2018,46,19,2.46,0,0
12/13/2018,43,30,3.13,0,0
12/14/2018,52,30,4.92,0.15,0
12/15/2018,56,51,6.26,0.24,0
12/16/2018,51,39,8.5,0.01,0
12/17/2018,59,32,8.05,0,0
12/18/2018,49,27,5.14,0,0
12/19/2018,51,25,3.58,0,0
12/20/2018,66,33,6.93,0.36,0
12/21/2018,68,52,13.87,0.09,0
12/22/2018,56,37,12.08,0,0
12/23/2018,51,28,4.7,0,0
12/24/2018,51,29,7.38,0,0
12/25/2018,45,27,1.34,0,0
12/26/2018,50,26,1.12,0,0
12/27/2018,53,26,4.92,0.04,0
12/28/2018,65,46,8.28,1.15,0
12/29/2018,65,42,8.5,0,0
12/30/2018,53,40,3.8,0,0
12/31/2018,64,41,6.04,0.18,0
1/1/2019,68,47,12.3,0,0
1/2/2019,49,40,4.03,0.02,0
1/3/2019,53,39,4.7,0.16,0
1/4/2019,50,40,5.59,0.1,0
1/5/2019,59,41,9.17,0.05,0
1/6/2019,64,37,8.72,0,0
1/7/2019,45,37,7.61,0,0
1/8/2019,64,42,9.62,0,0
1/9/2019,58,35,14.54,0,0
1/10/2019,40,27,13.42,0,0
1/11/2019,41,24,6.04,0,0
1/12/2019,38,28,2.91,0.1,1
1/13/2019,34,30,11.63,0.93,0.5
1/14/2019,36,27,8.05,0,0
1/15/2019,41,28,2.01,0,0
1/16/2019,47,25,4.25,0,0
1/17/2019,43,29,3.36,0,0
1/18/2019,53,37,5.59,0,0
1/19/2019,53,39,8.28,0,0
1/20/2019,59,25,15.66,0.46,0
1/21/2019,28,17,13.87,0,0
1/22/2019,36,14,6.04,0,0
1/23/2019,61,27,12.97,0,0
1/24/2019,63,36,14.54,0.56,0
1/25/2019,47,26,6.71,0,0
1/26/2019,47,21,2.46,0,0
1/27/2019,54,23,5.59,0,0
1/28/2019,44,27,7.61,0,0
1/29/2019,49,27,8.95,0.24,0
1/30/2019,42,19,13.65,0,0
1/31/2019,32,13,4.47,0,0
2/1/2019,33,20,4.7,0.04,0
2/2/2019,46,18,2.46,0,0
2/3/2019,64,28,2.68,0,0
2/4/2019,67,35,3.36,0,0
2/5/2019,75,35,2.91,0,0
2/6/2019,73,46,6.93,0.01,0
2/7/2019,65,52,4.92,0,0
2/8/2019,72,44,12.3,0,0
2/9/2019,44,24,8.5,0,0
2/10/2019,44,20,2.91,0.09,0
2/11/2019,40,35,5.37,0.19,0
2/12/2019,44,36,5.59,0.97,0
2/13/2019,54,34,13.2,0,0
2/14/2019,58,28,5.82,0,0
2/15/2019,66,49,12.53,0,0
2/16/2019,59,30,7.38,0.17,0
2/17/2019,41,27,5.37,0.31,0
2/18/2019,58,39,11.41,0.31,0
2/19/2019,46,31,6.26,0,0
2/20/2019,37,31,7.61,0.46,0.1
2/21/2019,56,35,5.14,0,0
2/22/2019,48,42,2.46,0.36,0
2/23/2019,42,39,5.82,0.64,0
2/24/2019,62,39,12.53,0.13,0
2/25/2019,57,38,14.76,0,0
2/26/2019,63,30,6.49,0,0
2/27/2019,48,33,7.61,0.01,0
2/28/2019,55,39,9.62,0,0
3/1/2019,40,36,8.28,0.86,0
3/2/2019,50,35,5.59,0,0
3/3/2019,48,40,6.49,0.72,0
3/4/2019,48,35,10.74,0.01,0
3/5/2019,44,26,8.05,0,0
3/6/2019,38,23,8.95,0,0
3/7/2019,46,21,4.92,0,0
3/8/2019,46,30,3.8,0.04,0
3/9/2019,42,35,6.26,0.07,0
3/10/2019,63,40,8.72,0.21,0
3/11/2019,63,45,7.83,0,0
3/12/2019,58,35,7.16,0,0
3/13/2019,63,28,6.26,0,0
3/14/2019,77,45,12.97,0,0
3/15/2019,76,63,17,0.03,0
3/16/2019,63,42,10.07,0,0
3/17/2019,56,32,4.92,0,0
3/18/2019,53,32,5.82,0.08,0
3/19/2019,54,26,4.92,0,0
3/20/2019,57,30,4.92,0.13,0
3/21/2019,59,44,12.3,1.39,0
3/22/2019,58,42,13.65,0.01,0
3/23/2019,61,34,10.07,0,0
3/24/2019,71,28,7.61,0,0
3/25/2019,70,46,6.93,0.29,0
3/26/2019,54,34,12.08,0,0
3/27/2019,56,29,6.26,0,0
3/28/2019,65,30,6.26,0,0
3/29/2019,77,45,7.16,0,0
3/30/2019,77,52,11.86,0,0
3/31/2019,65,43,14.76,0.02,0
4/1/2019,53,31,9.17,0,0
4/2/2019,46,30,7.61,0.06,0
4/3/2019,70,31,9.17,0,0
4/4/2019,71,42,6.26,0,0
4/5/2019,55,48,5.82,0.56,0
4/6/2019,67,48,4.25,0.01,0
4/7/2019,75,52,6.49,0,0
4/8/2019,83,58,10.96,0.61,0
4/9/2019,76,62,7.38,0.05,0
4/10/2019,76,49,6.04,0,0
4/11/2019,75,45,5.82,0,0
4/12/2019,75,56,10.51,0.02,0
4/13/2019,71,61,5.14,0.47,0
4/14/2019,79,64,12.3,0.05,0
4/15/2019,74,48,18.12,0.19,0
4/16/2019,71,43,8.72,0,0
4/17/2019,85,50,7.61,0,0
4/18/2019,83,52,10.74,0,0
4/19/2019,76,65,14.09,0.17,0
4/20/2019,70,55,13.65,0.06,0
4/21/2019,69,46,4.92,0,0
4/22/2019,74,54,8.72,0,0
4/23/2019,83,51,8.05,0,0
4/24/2019,85,62,8.5,0,0
4/25/2019,82,60,4.92,0,0
4/26/2019,80,56,11.63,0.83,0
4/27/2019,74,50,10.96,0,0
4/28/2019,83,53,12.53,0,0
4/29/2019,60,50,7.61,0,0
4/30/2019,87,53,7.16,0,0
5/1/2019,88,63,6.93,0,0
5/2/2019,88,68,10.74,0,0
5/3/2019,86,64,10.51,0,0
5/4/2019,87,68,7.16,0.11,0
5/5/2019,79,60,8.95,1.59,0
5/6/2019,75,57,6.49,0,0
5/7/2019,80,57,6.93,0,0
5/8/2019,82,62,6.26,0.22,0
5/9/2019,82,65,8.95,0,0
5/10/2019,82,64,10.07,0,0
5/11/2019,77,65,6.49,0.64,0
5/12/2019,76,56,9.62,0.26,0
5/13/2019,65,52,5.82,0.54,0
5/14/2019,66,51,8.28,0.04,0
5/15/2019,73,44,6.26,0,0
5/16/2019,80,54,7.83,0,0
5/17/2019,85,57,7.61,0.23,0
5/18/2019,88,64,4.7,0,0
5/19/2019,92,67,8.72,0,0
5/20/2019,90,69,10.74,0,0
5/21/2019,79,57,7.61,0,0
5/22/2019,77,54,5.82,0,0
5/23/2019,87,58,11.41,0,0
5/24/2019,90,67,8.28,0,0
5/25/2019,87,65,8.28,0,0
5/26/2019,93,70,6.04,0.31,0
5/27/2019,87,68,5.82,0.11,0
5/28/2019,93,68,7.83,0,0
5/29/2019,95,71,11.18,0,0
5/30/2019,94,70,10.29,0.01,0
5/31/2019,86,64,6.26,1.77,0
6/1/2019,83,63,4.47,0.29,0
6/2/2019,87,62,6.49,0,0
6/3/2019,79,56,10.07,0,0
6/4/2019,79,52,4.92,0,0
6/5/2019,86,64,11.86,0.33,0
6/6/2019,89,71,7.61,0,0
6/7/2019,75,69,6.04,1.69,0
6/8/2019,77,68,8.95,0.5,0
6/9/2019,83,68,10.96,0.08,0
6/10/2019,82,70,6.26,1.13,0
6/11/2019,80,63,11.41,0.29,0
6/12/2019,77,59,6.71,0.1,0
6/13/2019,79,62,9.4,0.64,0
6/14/2019,78,60,10.29,0,0
6/15/2019,83,55,9.62,0,0
6/16/2019,89,65,12.75,0,0
6/17/2019,93,70,6.93,0,0
6/18/2019,88,70,8.5,0.08,0
6/19/2019,86,71,6.93,0.01,0
6/20/2019,91,73,11.41,0,0
6/21/2019,85,70,12.75,0,0
6/22/2019,83,61,6.04,0,0
6/23/2019,85,59,4.92,0,0
6/24/2019,93,65,8.95,0,0
6/25/2019,91,75,7.16,0,0
6/26/2019,93,69,5.59,0,0
6/27/2019,96,71,3.8,0,0
6/28/2019,95,69,4.25,0,0
6/29/2019,97,69,5.82,0,0
6/30/2019,94,74,6.93,0,0
7/1/2019,89,66,6.93,0,0
7/2/2019,95,66,5.82,0,0
7/3/2019,99,71,5.82,0.69,0
7/4/2019,95,72,5.14,2.05,0
7/5/2019,90,71,5.14,0,0
7/6/2019,90,74,7.61,0.06,0
7/7/2019,92,73,5.37,1.66,0
7/8/2019,87,72,6.49,0.05,0
7/9/2019,86,67,6.71,0,0
7/10/2019,89,67,4.47,0,0
7/11/2019,92,72,8.28,0.53,0
7/12/2019,91,73,5.59,0,0
7/13/2019,93,74,4.92,0,0
7/14/2019,95,73,5.59,0,0
7/15/2019,93,74,6.26,0,0
7/16/2019,94,75,5.37,0,0
7/17/2019,98,75,9.62,0.02,0
7/18/2019,95,76,8.5,0.27,0
7/19/2019,95,75,3.8,0,0
7/20/2019,99,77,7.61,0,0
7/21/2019,100,75,5.82,0,0
7/22/2019,97,73,11.41,0.01,0
7/23/2019,76,66,7.83,0.42,0
7/24/2019,85,67,8.05,0,0
7/25/2019,88,65,4.47,0,0
7/26/2019,89,65,2.91,0,0
7/27/2019,89,64,3.58,0,0
7/28/2019,94,67,5.82,0,0
7/29/2019,95,69,6.93,0,0
7/30/2019,95,70,8.28,0,0
7/31/2019,95,70,6.93,0.46,0
8/1/2019,91,69,3.8,0.15,0
8/2/2019,85,68,6.71,0.59,0
8/3/2019,90,69,2.68,0,0
8/4/2019,92,71,5.82,0.01,0
8/5/2019,86,70,4.47,0.25,0
8/6/2019,89,68,5.37,0.01,0
8/7/2019,90,71,8.95,0.02,0
8/8/2019,92,67,6.04,0,0
8/9/2019,94,69,7.83,0,0
8/10/2019,87,66,5.82,0,0
8/11/2019,90,65,5.14,0,0
8/12/2019,92,66,6.93,0,0
8/13/2019,93,75,9.62,0,0
8/14/2019,93,71,5.82,0,0
8/15/2019,89,74,6.26,0.25,0
8/16/2019,86,73,5.82,0.2,0
8/17/2019,93,71,3.8,0,0
8/18/2019,94,70,3.8,0,0
8/19/2019,99,74,5.82,0,0
8/20/2019,97,72,5.59,0.12,0
8/21/2019,90,73,9.17,0,0
8/22/2019,96,73,6.93,0.55,0
8/23/2019,87,66,6.93,0.07,0
8/24/2019,81,65,8.05,0.03,0
8/25/2019,81,63,9.62,0,0
8/26/2019,79,62,8.5,0,0
8/27/2019,84,64,5.37,0,0
8/28/2019,86,68,2.91,0.04,0
8/29/2019,86,64,7.38,0,0
8/30/2019,92,59,3.8,0,0
8/31/2019,93,63,4.7,0,0
9/1/2019,89,67,6.71,0,0
9/2/2019,92,69,3.58,0,0
9/3/2019,91,70,6.71,0,0
9/4/2019,94,69,7.16,0,0
9/5/2019,81,72,10.51,0,0
9/6/2019,81,63,13.65,0.38,0
9/7/2019,88,59,4.7,0,0
9/8/2019,88,66,4.7,0,0
9/9/2019,85,68,4.92,0,0
9/10/2019,89,66,4.47,0,0
9/11/2019,95,67,5.59,0.01,0
9/12/2019,98,72,5.82,0,0
9/13/2019,75,70,9.17,0,0
9/14/2019,85,68,4.7,0,0
9/15/2019,88,71,3.8,0,0
9/16/2019,94,65,3.36,0,0
9/17/2019,81,64,6.71,0,0
9/18/2019,80,58,6.71,0,0
9/19/2019,75,54,6.04,0,0
9/20/2019,80,49,2.91,0,0
9/21/2019,91,56,5.37,0,0
9/22/2019,92,64,7.83,0,0
9/23/2019,94,67,8.72,0,0
9/24/2019,87,59,6.93,0,0
9/25/2019,86,57,4.7,0,0
9/26/2019,95,64,7.16,0.03,0
9/27/2019,86,66,7.83,0,0
9/28/2019,93,70,4.25,0,0
9/29/2019,94,70,7.16,0,0
9/30/2019,81,68,6.71,0,0
10/1/2019,88,69,5.14,0,0
10/2/2019,98,69,5.82,0,0
10/3/2019,97,69,5.14,0,0
10/4/2019,83,59,10.07,0,0
10/5/2019,71,50,8.95,0,0
10/6/2019,76,62,4.7,0,0
10/7/2019,85,60,7.61,0,0
10/8/2019,67,59,12.75,0.38,0
10/9/2019,68,56,9.62,0,0
10/10/2019,76,56,8.72,0,0
10/11/2019,76,51,7.83,0,0
10/12/2019,80,47,4.47,0,0
10/13/2019,70,56,5.59,0.33,0
10/14/2019,74,50,3.13,0.01,0
10/15/2019,76,48,6.04,0,0
10/16/2019,64,50,9.17,1.3,0
10/17/2019,64,48,11.86,0,0
10/18/2019,66,37,5.14,0,0
10/19/2019,67,38,2.68,0,0
10/20/2019,62,55,13.42,1.59,0
10/21/2019,61,54,6.93,0,0
10/22/2019,68,57,8.5,0.07,0
10/23/2019,69,45,5.37,0,0
10/24/2019,71,41,2.91,0,0
10/25/2019,69,48,1.57,0,0
10/26/2019,74,56,5.82,0,0
10/27/2019,83,60,10.51,0.21,0
10/28/2019,71,52,6.71,0,0
10/29/2019,70,51,2.46,0,0
10/30/2019,66,56,5.59,0.11,0
10/31/2019,82,56,16.55,0.66,0
11/1/2019,59,41,8.28,0,0
11/2/2019,59,35,3.36,0,0
11/3/2019,59,34,4.03,0,0
11/4/2019,63,32,4.25,0,0
11/5/2019,70,45,3.8,0,0
11/6/2019,63,41,5.14,0,0
11/7/2019,67,38,6.49,0.03,0
11/8/2019,52,30,12.97,0.01,0
11/9/2019,49,27,4.7,0,0
11/10/2019,65,31,6.71,0,0
11/11/2019,70,39,8.5,0,0
11/12/2019,57,28,10.07,0.76,0.9
11/13/2019,38,23,5.59,0,0
11/14/2019,45,20,2.91,0.02,0
11/15/2019,49,39,5.82,0.11,0
11/16/2019,47,39,16.78,0,0
11/17/2019,47,39,13.42,0,0
11/18/2019,53,41,5.14,0.04,0
11/19/2019,51,43,4.03,0,0
11/20/2019,58,40,9.17,0,0
11/21/2019,57,37,6.49,0,0
11/22/2019,61,43,10.07,0.01,0
11/23/2019,48,30,3.8,0.62,0
11/24/2019,56,40,10.51,0.16,0
11/25/2019,57,30,4.03,0,0
11/26/2019,66,34,4.92,0,0
11/27/2019,59,47,11.41,0.02,0
11/28/2019,56,40,11.86,0,0
11/29/2019,54,36,5.14,0,0
11/30/2019,46,39,3.36,0.02,0
12/1/2019,50,40,7.16,0.56,0
12/2/2019,51,42,9.84,0.15,0
12/3/2019,52,37,8.05,0,0
12/4/2019,53,31,7.61,0,0
12/5/2019,54,32,7.83,0,0
12/6/2019,57,26,7.16,0,0
12/7/2019,48,27,6.93,0,0
12/8/2019,51,25,3.8,0.21,0
12/9/2019,60,44,7.83,0.41,0
12/10/2019,68,48,10.74,0.28,0
12/11/2019,48,29,7.83,0.53,0.1
12/12/2019,41,25,5.37,0,0
12/13/2019,41,30,7.61,0.43,0
12/14/2019,56,41,8.28,0.09,0
12/15/2019,57,39,10.29,0,0
12/16/2019,52,39,6.26,0,0
12/17/2019,52,38,7.16,0.35,0
12/18/2019,46,29,9.84,0,0
12/19/2019,38,22,5.14,0,0
12/20/2019,45,23,4.7,0,0
12/21/2019,45,27,0.67,0,0
12/22/2019,49,25,1.57,0,0
12/23/2019,54,34,1.34,0,0
12/24/2019,58,33,6.04,0,0
12/25/2019,55,29,2.01,0,0
12/26/2019,64,30,2.91,0,0
12/27/2019,61,40,2.91,0,0
12/28/2019,67,39,2.46,0,0
12/29/2019,63,47,7.16,0.25,0
12/30/2019,73,49,12.3,0.01,0
12/31/2019,57,41,7.38,0,0
1/1/2020,54,35,8.5,0,0
1/2/2020,62,30,9.17,0,0
1/3/2020,59,45,9.17,0.2,0
1/4/2020,63,45,8.72,0.37,0
1/5/2020,50,33,12.3,0,0
1/6/2020,56,32,6.26,0,0
1/7/2020,45,28,6.71,0.33,0
1/8/2020,53,29,9.84,0,0
1/9/2020,45,24,3.36,0,0
1/10/2020,62,32,6.71,0,0
1/11/2020,72,53,14.54,0.01,0
1/12/2020,69,48,10.96,0.44,0
1/13/2020,59,53,3.8,0.01,0
1/14/2020,54,50,4.92,1.21,0
1/15/2020,55,47,3.36,0,0
1/16/2020,61,38,12.75,0,0
1/17/2020,42,29,10.29,0,0
1/18/2020,41,29,7.83,0.12,0
1/19/2020,53,31,13.65,0,0
1/20/2020,37,24,11.63,0,0
1/21/2020,37,22,10.51,0,0
1/22/2020,43,20,5.37,0,0
1/23/2020,44,24,3.36,0,0
1/24/2020,62,32,8.5,0,0
1/25/2020,62,41,7.16,0.76,0
1/26/2020,52,33,7.61,0,0
1/27/2020,54,30,8.5,0,0
1/28/2020,47,30,7.83,0,0
1/29/2020,46,26,2.91,0,0
1/30/2020,45,27,4.25,0,0
1/31/2020,46,27,3.58,0.14,0
2/1/2020,51,38,4.25,0.02,0
2/2/2020,58,31,10.96,0,0
2/3/2020,72,45,9.62,0,0
2/4/2020,72,57,10.51,0,0
2/5/2020,64,41,10.51,0.14,0
2/6/2020,52,41,4.25,1.6,0
2/7/2020,62,36,20.8,0.21,0
2/8/2020,46,29,6.71,0,0
2/9/2020,52,28,5.14,0,0
2/10/2020,57,38,10.51,0.17,0
2/11/2020,61,51,6.71,0.74,0
2/12/2020,51,44,6.71,0,0
2/13/2020,62,43,9.84,0.1,0
2/14/2020,47,28,9.62,0,0
2/15/2020,39,21,5.82,0,0
2/16/2020,52,29,5.82,0,0
2/17/2020,57,37,6.49,0,0
2/18/2020,64,33,4.03,0,0
2/19/2020,54,33,7.16,0.12,0
2/20/2020,40,31,4.92,0.07,0.5
2/21/2020,40,22,10.07,0,0
2/22/2020,53,20,6.26,0,0
2/23/2020,63,25,5.59,0,0
2/24/2020,56,38,8.05,0.04,0
2/25/2020,60,46,4.47,0.38,0
2/26/2020,55,47,6.26,0,0
2/27/2020,51,33,14.54,0,0
2/28/2020,51,28,12.3,0,0
2/29/2020,44,29,10.96,0,0
3/1/2020,54,21,5.37,0,0
3/2/2020,69,35,13.2,0,0
3/3/2020,65,46,11.86,0,0
3/4/2020,63,39,8.28,0,0
3/5/2020,55,39,8.5,0,0
3/6/2020,59,39,10.29,0.04,0
3/7/2020,54,38,15.43,0,0
3/8/2020,62,28,6.26,0,0
3/9/2020,73,39,11.18,0,0
3/10/2020,70,56,16.33,0,0
3/11/2020,68,49,6.71,0,0
3/12/2020,65,47,5.37,0,0
3/13/2020,80,51,12.3,0.15,0
3/14/2020,62,48,6.71,0,0
3/15/2020,52,44,9.17,0,0
3/16/2020,58,42,8.05,0,0
3/17/2020,68,41,6.49,0,0
3/18/2020,59,50,9.62,0.08,0
3/19/2020,82,50,8.95,0.12,0
3/20/2020,88,65,16.11,0.08,0
3/21/2020,65,48,9.84,0.12,0
3/22/2020,56,45,9.62,0,0
3/23/2020,49,42,7.61,0.8,0
3/24/2020,58,40,5.14,0.01,0
3/25/2020,50,45,10.29,0.75,0
3/26/2020,58,41,8.05,0,0
3/27/2020,71,50,6.71,0.01,0
3/28/2020,79,56,5.59,0,0
3/29/2020,88,54,8.72,0,0
3/30/2020,75,55,9.62,0,0
3/31/2020,56,44,7.38,0.5,0
4/1/2020,55,42,11.41,0.03,0
4/2/2020,65,43,13.87,0,0
4/3/2020,71,43,10.74,0,0
4/4/2020,61,44,7.38,0,0
4/5/2020,73,39,4.47,0,0
4/6/2020,74,51,5.82,0.06,0
4/7/2020,82,50,5.59,0.22,0
4/8/2020,81,55,8.5,0.02,0
4/9/2020,78,50,14.32,0.03,0
4/10/2020,57,44,15.21,0,0
4/11/2020,65,33,5.82,0,0
4/12/2020,76,49,12.53,0.06,0
4/13/2020,83,61,18.12,1.37,0
4/14/2020,65,45,8.72,0.06,0
4/15/2020,55,38,9.62,0.03,0
4/16/2020,63,37,8.05,0,0
4/17/2020,70,38,10.74,0,0
4/18/2020,64,38,12.75,0.08,0
4/19/2020,69,34,5.82,0,0
4/20/2020,61,47,5.37,0.36,0
4/21/2020,74,43,13.42,0.03,0
4/22/2020,67,33,7.61,0,0
4/23/2020,64,47,5.82,0.15,0
4/24/2020,77,54,10.74,0.23,0
4/25/2020,61,51,6.93,0.12,0
4/26/2020,69,51,6.49,0.15,0
4/27/2020,62,44,12.75,0.01,0
4/28/2020,70,41,4.92,0,0
4/29/2020,80,52,10.51,0,0
4/30/2020,68,57,11.18,1.7,0
5/1/2020,66,53,10.51,0.1,0
5/2/2020,73,44,5.82,0,0
5/3/2020,87,58,8.5,0,0
5/4/2020,81,54,11.41,0,0
5/5/2020,59,50,5.59,0.11,0
5/6/2020,70,49,10.51,0.14,0
5/7/2020,68,42,10.07,0,0
5/8/2020,71,42,13.87,0.12,0
5/9/2020,60,34,9.17,0,0
5/10/2020,68,32,7.83,0,0
5/11/2020,67,44,12.3,0,0
5/12/2020,65,38,6.71,0,0
5/13/2020,71,41,4.03,0,0
5/14/2020,79,45,7.61,0,0
5/15/2020,86,61,13.42,0,0
5/16/2020,87,63,7.61,0,0
5/17/2020,79,63,8.28,0,0
5/18/2020,63,59,11.18,0.06,0
5/19/2020,64,53,13.87,0,0
5/20/2020,59,52,14.09,0.01,0
5/21/2020,70,54,11.86,0.04,0
5/22/2020,83,64,8.05,0.29,0
5/23/2020,85,62,3.8,0,0
5/24/2020,69,61,6.49,0,0
5/25/2020,76,60,4.7,0,0
5/26/2020,76,56,3.36,0,0
5/27/2020,80,64,8.05,0.06,0
5/28/2020,80,71,10.51,0.92,0
5/29/2020,85,73,8.72,0.04,0
5/30/2020,84,67,5.82,0.01,0
5/31/2020,76,59,9.62,0,0
6/1/2020,74,54,6.93,0,0
6/2/2020,84,56,8.95,0,0
6/3/2020,92,67,10.96,0,0
6/4/2020,94,73,9.4,0,0
6/5/2020,86,72,10.07,0,0
6/6/2020,92,70,7.16,0.53,0
6/7/2020,85,65,7.83,0.02,0
6/8/2020,88,59,4.25,0,0
6/9/2020,91,64,5.59,0,0
6/10/2020,92,73,12.75,0,0
6/11/2020,86,71,11.41,1.3,0
6/12/2020,86,66,6.04,0,0
6/13/2020,81,62,8.5,0,0
6/14/2020,79,61,8.5,0,0
6/15/2020,68,60,8.05,0.17,0
6/16/2020,67,60,11.41,0.58,0
6/17/2020,70,62,11.63,0.31,0
6/18/2020,81,66,6.71,0.01,0
6/19/2020,83,65,4.92,0.48,0
6/20/2020,81,66,3.8,0,0
6/21/2020,86,66,3.8,0,0
6/22/2020,91,68,5.59,0.25,0
6/23/2020,90,66,8.95,0,0
6/24/2020,88,70,8.28,0,0
6/25/2020,84,65,6.26,1.15,0
6/26/2020,89,63,6.93,0,0
6/27/2020,92,68,9.17,0,0
6/28/2020,90,73,6.71,0.19,0
6/29/2020,90,70,6.71,0,0
6/30/2020,89,68,3.8,0.26,0
7/1/2020,88,69,4.47,1.02,0
7/2/2020,89,66,5.14,0,0
7/3/2020,94,71,5.37,0,0
7/4/2020,93,73,6.93,0,0
7/5/2020,89,71,6.26,0,0
7/6/2020,93,71,7.61,0,0
7/7/2020,90,71,6.71,0.03,0
7/8/2020,89,71,5.59,0,0
7/9/2020,89,72,8.28,0.02,0
7/10/2020,94,74,8.28,0,0
7/11/2020,94,72,9.4,0.01,0
7/12/2020,93,69,4.7,0,0
7/13/2020,90,70,4.7,0.05,0
7/14/2020,93,69,4.7,0,0
7/15/2020,93,71,5.82,0,0
7/16/2020,91,71,7.61,0,0
7/17/2020,96,73,7.16,0.03,0
7/18/2020,96,73,4.92,0,0
7/19/2020,101,75,6.49,0,0
7/20/2020,97,78,6.93,0,0
7/21/2020,100,73,7.38,0.35,0
7/22/2020,96,72,7.83,0.19,0
7/23/2020,94,74,8.05,0,0
7/24/2020,91,72,6.71,0.18,0
7/25/2020,91,71,4.25,0,0
7/26/2020,99,74,6.49,0,0
7/27/2020,97,76,7.83,0,0
7/28/2020,101,76,9.62,0,0
7/29/2020,93,74,7.16,0,0
7/30/2020,96,73,7.38,0.01,0
7/31/2020,91,74,5.14,0.91,0
8/1/2020,90,75,5.82,0.01,0
8/2/2020,96,74,9.17,0,0
8/3/2020,90,72,6.26,1.59,0
8/4/2020,88,68,13.87,3.61,0
8/5/2020,89,70,5.59,1.7,0
8/6/2020,90,71,5.59,2.57,0
8/7/2020,86,71,3.8,0,0
8/8/2020,88,72,5.14,0.24,0
8/9/2020,89,70,3.36,0,0
8/10/2020,90,73,5.37,0,0
8/11/2020,90,71,5.82,0,0
8/12/2020,91,72,4.03,1.13,0
8/13/2020,88,73,6.26,0.26,0
8/14/2020,87,74,8.05,1.29,0
8/15/2020,76,68,8.5,1.97,0
8/16/2020,77,67,8.95,0.47,0
8/17/2020,84,64,3.58,0.24,0
8/18/2020,88,66,2.91,0,0
8/19/2020,84,70,4.92,0,0
8/20/2020,86,67,5.59,0,0
8/21/2020,84,68,2.91,0,0
8/22/2020,82,71,3.58,0.18,0
8/23/2020,89,72,6.93,0,0
8/24/2020,87,75,9.17,0,0
8/25/2020,93,73,9.17,0,0
8/26/2020,89,72,8.28,0,0
8/27/2020,94,71,9.4,0,0
8/28/2020,94,74,7.16,0,0
8/29/2020,88,78,11.63,0.02,0
8/30/2020,88,69,5.37,0,0
8/31/2020,80,67,5.82,0.06,0
9/1/2020,80,69,3.58,0.97,0
9/2/2020,90,74,7.38,0.01,0
9/3/2020,93,72,7.61,0,0
9/4/2020,93,72,6.71,0.01,0
9/5/2020,83,61,8.05,0,0
9/6/2020,83,58,2.68,0,0
9/7/2020,84,57,2.68,0,0
9/8/2020,87,63,5.37,0,0
9/9/2020,77,73,7.61,0.25,0
9/10/2020,89,74,4.7,0.08,0
9/11/2020,87,73,7.61,0.13,0
9/12/2020,79,63,7.38,0.01,0
9/13/2020,85,62,4.03,0,0
9/14/2020,79,62,8.28,0,0
9/15/2020,71,55,6.71,0,0
9/16/2020,75,54,2.24,0,0
9/17/2020,69,66,4.47,2.86,0
9/18/2020,77,61,11.86,0.15,0
9/19/2020,65,50,10.29,0,0
9/20/2020,70,46,9.17,0,0
9/21/2020,69,47,9.4,0,0
9/22/2020,71,45,5.14,0,0
9/23/2020,79,49,3.8,0,0
9/24/2020,71,56,3.58,0,0
9/25/2020,69,61,5.82,0.69,0
9/26/2020,70,61,5.82,0.08,0
9/27/2020,75,66,3.58,0,0
9/28/2020,83,63,8.05,0,0
9/29/2020,82,56,8.95,1.63,0
9/30/2020,71,55,9.4,0.05,0
10/1/2020,79,55,7.61,0,0
10/2/2020,71,51,6.04,0,0
10/3/2020,70,47,4.92,0,0
10/4/2020,70,45,3.36,0,0
10/5/2020,72,50,4.47,0,0
10/6/2020,76,47,5.82,0,0
10/7/2020,82,54,10.96,0,0
10/8/2020,77,52,7.38,0,0
10/9/2020,72,49,2.91,0,0
10/10/2020,67,61,6.04,0.45,0
10/11/2020,69,65,6.71,1.16,0
10/12/2020,71,59,9.62,0.96,0
10/13/2020,72,55,5.59,0,0
10/14/2020,74,46,4.25,0,0
10/15/2020,77,51,8.5,0,0
10/16/2020,69,52,8.05,1.15,0
10/17/2020,64,44,5.82,0,0
10/18/2020,68,41,3.36,0,0
10/19/2020,75,50,3.8,0,0
10/20/2020,78,57,4.25,0,0
10/21/2020,81,64,3.58,0,0
10/22/2020,81,58,2.46,0,0
10/23/2020,78,57,3.36,0,0
10/24/2020,84,59,6.71,0.2,0
10/25/2020,60,49,10.07,0.31,0
10/26/2020,66,49,6.26,0,0
10/27/2020,63,55,3.58,0,0
10/28/2020,75,60,8.95,0,0
10/29/2020,77,54,11.63,1,0
10/30/2020,63,47,11.86,0.4,0
10/31/2020,56,40,5.82,0,0
11/1/2020,62,42,10.29,0.56,0
11/2/2020,53,37,13.2,0,0
11/3/2020,63,38,6.93,0,0
11/4/2020,68,38,3.36,0,0
11/5/2020,72,41,1.79,0,0
11/6/2020,74,49,1.34,0,0
11/7/2020,77,47,1.79,0,0
11/8/2020,77,50,2.01,0,0
11/9/2020,77,50,2.68,0,0
11/10/2020,78,52,3.8,0,0
11/11/2020,75,62,8.5,0.84,0
11/12/2020,70,52,9.17,1.17,0
11/13/2020,65,49,4.47,0,0
11/14/2020,62,40,1.79,0,0
11/15/2020,74,45,14.54,0.09,0
11/16/2020,62,39,8.05,0,0
11/17/2020,60,38,12.75,0,0
11/18/2020,48,28,5.37,0,0
11/19/2020,54,27,6.04,0,0
11/20/2020,67,37,8.95,0,0
11/21/2020,73,40,2.91,0,0
11/22/2020,67,50,5.59,0,0
11/23/2020,60,39,11.63,0.09,0
11/24/2020,54,32,4.25,0,0
11/25/2020,61,37,7.16,0,0
11/26/2020,74,53,9.4,0.2,0
11/27/2020,68,50,4.03,0,0
11/28/2020,64,43,3.58,0,0
11/29/2020,61,36,5.14,0,0
11/30/2020,70,47,13.87,1.48,0
12/1/2020,49,36,13.65,0,0
12/2/2020,51,31,8.5,0,0
12/3/2020,58,26,5.82,0,0
12/4/2020,59,42,7.83,0.56,0
12/5/2020,56,40,11.41,2.02,0
12/6/2020,50,30,4.25,0,0
12/7/2020,36,31,8.5,0.1,1
12/8/2020,48,27,7.16,0,0
12/9/2020,49,24,5.82,0,0
12/10/2020,56,28,2.24,0,0
12/11/2020,64,35,5.14,0,0
12/12/2020,64,47,7.83,0,0
12/13/2020,71,48,6.04,0.02,0
12/14/2020,49,31,10.51,1.58,0
12/15/2020,44,28,6.49,0,0
12/16/2020,37,28,10.96,1.01,0
12/17/2020,45,29,6.93,0,0
12/18/2020,42,31,6.71,0,0
12/19/2020,41,26,2.46,0,0
12/20/2020,42,31,4.92,0.24,0
12/21/2020,48,37,6.04,0,0
12/22/2020,54,30,10.51,0,0
12/23/2020,51,27,5.59,0,0
12/24/2020,65,42,13.2,1.09,0
12/25/2020,59,26,15.66,0,0
12/26/2020,39,22,8.72,0,0
12/27/2020,45,22,3.13,0,0
12/28/2020,58,30,7.16,0,0
12/29/2020,48,27,7.83,0,0
12/30/2020,50,24,5.37,0.02,0
12/31/2020,57,42,8.72,0.06,0
1/1/2021,44,36,8.72,0.65,0
1/2/2021,66,37,6.93,0.01,0
1/3/2021,50,39,8.28,0.91,0
1/4/2021,47,34,5.82,0,0
1/5/2021,50,38,4.7,0,0
1/6/2021,48,32,9.62,0,0
1/7/2021,48,26,4.7,0,0
1/8/2021,43,32,7.61,0,0
1/9/2021,47,30,11.41,0,0
1/10/2021,52,27,4.92,0,0
1/11/2021,46,26,2.91,0.02,0
1/12/2021,53,31,2.24,0,0
1/13/2021,54,26,3.36,0,0
1/14/2021,57,32,3.58,0,0
1/15/2021,55,29,6.49,0.17,0
1/16/2021,46,33,8.05,0.02,0
1/17/2021,50,29,9.84,0,0
1/18/2021,49,32,8.72,0,0
1/19/2021,57,26,8.05,0,0
1/20/2021,51,27,8.95,0,0
1/21/2021,58,25,7.83,0,0
1/22/2021,55,30,9.17,0,0
1/23/2021,40,24,7.83,0,0
1/24/2021,43,19,3.8,0.01,0
1/25/2021,44,34,4.92,0.62,0
1/26/2021,44,35,5.82,0.44,0
1/27/2021,50,37,7.61,0,0
1/28/2021,40,27,16.11,0.01,0.2
1/29/2021,36,21,9.4,0,0
1/30/2021,40,17,3.58,0,0
1/31/2021,33,30,8.28,0.72,3
2/1/2021,33,30,14.32,0,0
2/2/2021,41,33,14.09,0.02,0.1
2/3/2021,49,31,10.51,0,0
2/4/2021,54,25,6.49,0,0
2/5/2021,52,38,11.18,0.11,0
2/6/2021,56,30,7.61,0,0
2/7/2021,46,33,9.17,0.62,0.1
2/8/2021,44,26,5.59,0,0
2/9/2021,58,30,4.92,0.23,0
2/10/2021,44,34,5.82,0,0
2/11/2021,39,31,8.5,0.55,1.1
2/12/2021,31,29,9.4,0.27,1.5
2/13/2021,32,29,10.74,0.37,0
2/14/2021,34,30,9.4,0.27,0
2/15/2021,39,34,6.71,0.23,0
2/16/2021,53,33,11.18,0.41,0
2/17/2021,42,26,8.28,0,0
2/18/2021,33,30,10.07,0.67,0
2/19/2021,38,30,8.5,0.24,0
2/20/2021,40,25,9.62,0,0
2/21/2021,41,19,4.7,0,0
2/22/2021,46,29,8.5,0.31,0
2/23/2021,63,33,9.84,0,0
2/24/2021,68,31,8.5,0,0
2/25/2021,60,37,7.16,0,0
2/26/2021,47,32,6.49,0.25,0
2/27/2021,53,40,6.49,0.3,0
2/28/2021,51,48,3.58,0.27,0
3/1/2021,60,43,8.05,0.32,0
3/2/2021,47,31,6.93,0,0
3/3/2021,60,30,4.7,0,0
3/4/2021,62,35,10.07,0,0
3/5/2021,49,28,12.3,0,0
3/6/2021,53,24,7.16,0,0
3/7/2021,49,26,5.37,0,0
3/8/2021,58,25,2.91,0,0
3/9/2021,71,31,4.92,0,0
3/10/2021,76,37,6.26,0,0
3/11/2021,79,46,13.42,0,0
3/12/2021,74,53,8.95,0,0
3/13/2021,63,42,6.49,0,0
3/14/2021,66,31,8.72,0,0
3/15/2021,51,34,7.83,0.08,0
3/16/2021,43,34,5.82,0.11,0
3/17/2021,53,41,4.92,0,0
3/18/2021,57,47,7.61,1.02,0
3/19/2021,51,34,14.32,0.22,0
3/20/2021,55,29,7.61,0,0
3/21/2021,65,32,7.38,0,0
3/22/2021,67,38,10.07,0,0
3/23/2021,68,46,9.84,0.03,0
3/24/2021,60,51,6.71,1.04,0
3/25/2021,75,50,8.28,0,0
3/26/2021,86,58,15.88,0,0
3/27/2021,74,49,5.82,0.08,0
3/28/2021,79,53,14.54,0.16,0
3/29/2021,64,45,8.5,0,0
3/30/2021,71,40,9.4,0,0
3/31/2021,73,58,8.95,0.83,0
4/1/2021,60,37,16.78,0.18,0
4/2/2021,48,31,13.65,0,0
4/3/2021,57,30,5.82,0,0
4/4/2021,76,35,7.38,0,0
4/5/2021,75,47,5.59,0,0
4/6/2021,81,48,4.47,0,0
4/7/2021,84,47,3.8,0,0
4/8/2021,74,54,11.86,0,0
4/9/2021,78,55,6.71,0.15,0
4/10/2021,77,53,6.04,0.03,0
4/11/2021,80,57,10.29,0.06,0
4/12/2021,73,53,5.82,0,0
4/13/2021,70,50,7.16,0,0
4/14/2021,72,47,7.16,0.2,0
4/15/2021,69,49,8.5,0.03,0
4/16/2021,67,37,8.95,0,0
4/17/2021,69,38,5.14,0,0
4/18/2021,69,45,3.36,0,0
4/19/2021,60,46,4.7,0.16,0
4/20/2021,76,43,8.28,0,0
4/21/2021,75,42,16.33,0.02,0
4/22/2021,58,36,11.18,0,0
4/23/2021,65,36,7.38,0,0
4/24/2021,64,36,5.82,0.49,0
4/25/2021,70,47,8.95,0.02,0
4/26/2021,73,45,4.7,0,0
4/27/2021,86,48,10.96,0,0
4/28/2021,88,61,12.3,0,0
4/29/2021,87,69,14.32,0,0
4/30/2021,78,54,18.12,0,0
5/1/2021,72,44,9.62,0,0
5/2/2021,85,49,11.18,0,0
5/3/2021,81,66,11.63,0.18,0
5/4/2021,90,64,9.62,0.21,0
5/5/2021,86,59,12.53,0.02,0
5/6/2021,68,48,7.16,0,0
5/7/2021,66,43,5.37,0.15,0
5/8/2021,71,42,9.4,0,0
5/9/2021,78,42,10.74,0,0
5/10/2021,71,50,7.61,0.04,0
5/11/2021,73,46,6.26,0,0
5/12/2021,64,44,6.93,0,0
5/13/2021,73,43,6.26,0,0
5/14/2021,74,42,2.91,0,0
5/15/2021,79,44,4.7,0,0
5/16/2021,74,46,4.03,0,0
5/17/2021,77,50,3.58,0,0
5/18/2021,80,48,3.36,0,0
5/19/2021,85,50,3.8,0,0
5/20/2021,91,55,4.7,0,0
5/21/2021,83,53,5.37,0,0
5/22/2021,91,55,4.92,0,0
5/23/2021,93,69,6.93,0,0
5/24/2021,80,62,10.51,0,0
5/25/2021,81,62,5.59,0,0
5/26/2021,95,68,8.95,0,0
5/27/2021,91,69,5.82,0,0
5/28/2021,94,66,8.05,0.28,0
5/29/2021,71,53,11.63,0.81,0
5/30/2021,60,51,10.07,0.64,0
5/31/2021,76,50,4.92,0,0
6/1/2021,79,54,6.71,0,0
6/2/2021,82,59,7.38,0.02,0
6/3/2021,82,67,10.51,0.02,0
6/4/2021,85,69,6.49,0.43,0
6/5/2021,90,65,4.92,0,0
6/6/2021,94,68,6.49,0,0
6/7/2021,91,71,8.95,0,0
6/8/2021,91,73,9.4,0,0
6/9/2021,90,71,5.37,1.36,0
6/10/2021,87,71,5.59,0.31,0
6/11/2021,83,70,6.71,1.14,0
6/12/2021,72,66,7.16,0.08,0
6/13/2021,84,64,4.47,0,0
6/14/2021,90,63,6.93,0,0
6/15/2021,84,66,8.72,0,0
6/16/2021,81,64,5.82,0,0
6/17/2021,80,58,6.71,0,0
6/18/2021,88,55,8.28,0,0
6/19/2021,93,69,8.5,0,0
6/20/2021,88,75,11.18,0,0
6/21/2021,96,74,9.62,0,0
6/22/2021,82,61,7.61,0.64,0
6/23/2021,77,59,6.04,0,0
6/24/2021,79,55,5.37,0,0
6/25/2021,82,57,4.7,0,0
6/26/2021,87,70,7.61,0.02,0
6/27/2021,90,72,7.38,0,0
6/28/2021,90,71,7.16,0,0
6/29/2021,93,72,7.83,0,0
6/30/2021,96,72,10.51,0,0
7/1/2021,96,71,8.72,1.04,0
